corp_id,corp_name,schl_id,schl_name,IREAD_pct
0015,Adams Central Community Schools,0020,Adams Central Elementary School,0.888
0025,North Adams Community Schools,0037,Bellmont Elementary,0.72
0035,South Adams Schools,0025,South Adams Elementary School,0.93
0125,MSD Southwest Allen County Schls,0045,Aboite Elementary School,0.964
0125,MSD Southwest Allen County Schls,0046,Whispering Meadow Elementary Sch,0.851
0125,MSD Southwest Allen County Schls,0064,Lafayette Meadow School,0.909
0125,MSD Southwest Allen County Schls,0068,Haverhill Elementary School,0.85
0125,MSD Southwest Allen County Schls,0071,Deer Ridge Elementary,0.945
0125,MSD Southwest Allen County Schls,0072,Covington Elementary School,0.73
0225,Northwest Allen County Schools,0069,Arcola School,0.917
0225,Northwest Allen County Schools,0087,Hickory Center Elementary School,0.931
0225,Northwest Allen County Schools,0089,Huntertown Elementary School,0.876
0225,Northwest Allen County Schools,0092,Perry Hill Elementary School,0.994
0225,Northwest Allen County Schools,0094,Oak View Elementary School,0.84
0225,Northwest Allen County Schools,0095,Cedar Canyon Elementary School,NA
0225,Northwest Allen County Schools,0096,Eel River Elementary School,0.849
0225,Northwest Allen County Schools,0098,Aspen Meadow Elementary School,0.918
0235,Fort Wayne Community Schools,0118,Jeff H Towles Intermediate School,0.738
0235,Fort Wayne Community Schools,0134,Weisser Park Elementary School,0.834
0235,Fort Wayne Community Schools,0136,Fairfield Elementary School,NA
0235,Fort Wayne Community Schools,0137,Merle J Abbett Elementary School,NA
0235,Fort Wayne Community Schools,0141,Adams Elementary School,0.385
0235,Fort Wayne Community Schools,0149,Bloomingdale Elementary School,0.734
0235,Fort Wayne Community Schools,0153,Brentwood Elementary School,0.671
0235,Fort Wayne Community Schools,0154,Fred H Croninger Elementary School,0.971
0235,Fort Wayne Community Schools,0157,Forest Park Elementary School,0.697
0235,Fort Wayne Community Schools,0161,Franke Park Elementary School,0.786
0235,Fort Wayne Community Schools,0162,Glenwood Park Elementary School,0.778
0235,Fort Wayne Community Schools,0164,J Wilbur Haley Elementary School,0.669
0235,Fort Wayne Community Schools,0178,Harrison Hill Elementary School,0.609
0235,Fort Wayne Community Schools,0186,Mabel K Holland Elementary School,0.906
0235,Fort Wayne Community Schools,0189,Indian Village Elementary School,0.687
0235,Fort Wayne Community Schools,0193,John S Irwin Elementary School,0.865
0235,Fort Wayne Community Schools,0197,Lindley Elementary School,0.785
0235,Fort Wayne Community Schools,0205,Maplewood Elementary School,0.703
0235,Fort Wayne Community Schools,0209,Willard Shambaugh Elementary Sch,0.788
0235,Fort Wayne Community Schools,0217,Northcrest Elementary School,0.626
0235,Fort Wayne Community Schools,0221,Francis M Price Elementary School,0.747
0235,Fort Wayne Community Schools,0233,Saint Joseph Central School,0.673
0235,Fort Wayne Community Schools,0239,Robert C Harris Elementary School,0.844
0235,Fort Wayne Community Schools,0248,Fort Wayne Virtual Academy,NA
0235,Fort Wayne Community Schools,0249,Levan R Scott Academy,0.453
0235,Fort Wayne Community Schools,0253,South Wayne Elementary School,NA
0235,Fort Wayne Community Schools,0257,Study Elementary School,0.565
0235,Fort Wayne Community Schools,0265,Washington Elementary School,0.76
0235,Fort Wayne Community Schools,0269,Washington Center Elementary Sch,0.802
0235,Fort Wayne Community Schools,0270,Lincoln Elementary School,0.838
0235,Fort Wayne Community Schools,0273,Waynedale Elementary School,0.822
0235,Fort Wayne Community Schools,0275,Arlington Elementary School,0.693
0255,East Allen County Schools,0043,Prince Chapman Academy,0.616
0255,East Allen County Schools,0281,Heritage Elementary School,0.8
0255,East Allen County Schools,0291,Cedarville Elementary School,0.947
0255,East Allen County Schools,0305,New Haven Intermediate School,0.815
0255,East Allen County Schools,0323,Woodlan Elementary School,0.871
0365,Bartholomew Con School Corp,0328,Clifty Creek Elementary School,0.761
0365,Bartholomew Con School Corp,0346,CSA Lincoln Campus,0.962
0365,Bartholomew Con School Corp,0353,Mount Healthy Elementary School,0.77
0365,Bartholomew Con School Corp,0357,Parkside Elementary School,0.854
0365,Bartholomew Con School Corp,0363,W D Richards Elementary School,0.68
0365,Bartholomew Con School Corp,0366,Rockcreek Elementary School,0.874
0365,Bartholomew Con School Corp,0369,Lillian Schmitt Elementary School,0.883
0365,Bartholomew Con School Corp,0371,L F Smith Elementary,0.802
0365,Bartholomew Con School Corp,0375,CSA Fodrea Campus,0.752
0365,Bartholomew Con School Corp,0377,Taylorsville Elementary School,0.766
0365,Bartholomew Con School Corp,0392,Southside Elementary School,0.715
0370,Flat Rock-Hawcreek School Corp,0409,Hope Elementary School,0.887
0395,Benton Community School Corp,0421,Otterbein Elementary School,0.782
0395,Benton Community School Corp,0446,Prairie Crossing Elementary School,0.896
0515,Blackford County Schools,0494,Blackford Intermediate School,0.76
0615,Western Boone Co Com Sch Dist,0521,Granville Wells Elementary School,0.877
0615,Western Boone Co Com Sch Dist,0537,Thorntown Elementary School,0.903
0630,Zionsville Community Schools,0514,Eagle Elementary School,NA
0630,Zionsville Community Schools,0517,Zionsville Pleasant View Elem Sch,NA
0630,Zionsville Community Schools,0541,Union Elementary School,NA
0630,Zionsville Community Schools,0542,Stonegate Elementary,0.921
0630,Zionsville Community Schools,0544,Boone Meadow,NA
0630,Zionsville Community Schools,0546,Trailside Elementary School,NA
0665,Lebanon Community School Corp,0534,Perry Worth Elementary School,0.935
0665,Lebanon Community School Corp,0561,Central Elementary School,0.825
0665,Lebanon Community School Corp,0565,Harney Elementary School,0.774
0665,Lebanon Community School Corp,0569,Hattie B Stokes Elementary School,0.699
0670,Brown County School Corporation,0577,Van Buren Elementary School,0.839
0670,Brown County School Corporation,0581,Helmsburg Elementary School,0.855
0670,Brown County School Corporation,0585,Sprunica Elementary School,0.838
0750,Carroll Consolidated School Corp,0629,Carroll Elementary School,0.911
0755,Delphi Community School Corp,0641,Delphi Community Elementary School,0.869
0775,Pioneer Regional School Corp,0649,Pioneer Elementary School,0.719
0815,Lewis Cass Schools,0695,Lewis Cass Elementary School,0.84
0875,Logansport Community Sch Corp,0705,Franklin Elementary School,0.724
0875,Logansport Community Sch Corp,0709,Fairview Elementary School,NA
0875,Logansport Community Sch Corp,0711,Landis Elementary School,0.761
0875,Logansport Community Sch Corp,0713,Columbia Elementary School,0.588
0935,Borden-Henryville School Corporation,0767,Henryville Elementary School,0.855
0935,Borden-Henryville School Corporation,0815,William W Borden Elementary School,0.972
0945,Silver Creek School Corporation,0789,Silver Creek Elementary School,0.753
1000,Clarksville Community School Corp,0845,Clarksville Elementary School,0.858
1000,Clarksville Community School Corp,1007,Indiana Gateway Digital Academy,0.459
1010,Greater Clark County Schools,0755,W E Wilson Elementary,0.77
1010,Greater Clark County Schools,0761,Thomas Jefferson Elementary School,0.94
1010,Greater Clark County Schools,0801,Northaven Elementary School,0.843
1010,Greater Clark County Schools,0805,Utica Elementary School,0.955
1010,Greater Clark County Schools,0807,New Washington Elementary School,0.895
1010,Greater Clark County Schools,0825,Jonathan Jennings Elementary Sch,0.898
1010,Greater Clark County Schools,0871,Riverside Elementary School,0.882
1010,Greater Clark County Schools,0874,Franklin Square Elementary School,0.61
1010,Greater Clark County Schools,0879,Parkwood Elementary School,0.759
1125,Clay Community Schools,0895,Clay City Elementary School,0.974
1125,Clay Community Schools,0901,Jackson Township Elementary School,0.945
1125,Clay Community Schools,0907,Staunton Elementary School,0.952
1125,Clay Community Schools,0923,Van Buren Elementary School,0.898
1125,Clay Community Schools,0941,East Side Elementary School,NA
1125,Clay Community Schools,0942,Forest Park Elementary School,NA
1125,Clay Community Schools,0949,Meridian Street Elementary School,0.919
1150,Clinton Central School Corporation,0961,Clinton Central Elementary School,0.841
1160,Clinton Prairie School Corporation,0981,Clinton Prairie Elementary School,0.922
1170,Community Schools of Frankfort,1015,Green Meadows Intermediate Elem,0.841
1170,Community Schools of Frankfort,1020,Suncrest Elementary School,0.728
1180,Rossville Con School District,1033,Rossville Elementary School,0.859
1300,Crawford County Community Sch Corp,1037,South Crawford Elementary School,NA
1300,Crawford County Community Sch Corp,1045,West Crawford Elementary School,0.736
1300,Crawford County Community Sch Corp,1065,East Crawford Elementary School,0.728
1315,Barr-Reeve Community Schools Inc,1075,Barr Reeve Elementary School,0.886
1375,North Daviess Com Schools,1090,North Daviess Elementary School,0.917
1405,Washington Community Schools,1103,Washington Intermediate,0.746
1405,Washington Community Schools,1105,Veale Elementary School,NA
1560,Sunman-Dearborn Com Sch Corp,1189,North Dearborn Elementary School,0.939
1560,Sunman-Dearborn Com Sch Corp,1193,Bright Elementary School,0.926
1560,Sunman-Dearborn Com Sch Corp,7211,Sunman Elementary School,0.835
1600,South Dearborn Community Sch Corp,1141,Dillsboro Elementary School,0.827
1600,South Dearborn Community Sch Corp,1165,Manchester Elementary School,0.95
1600,South Dearborn Community Sch Corp,1197,Aurora Elementary School,0.91
1620,Lawrenceburg Community School Corp,1217,Central Elementary School,0.946
1655,Decatur County Community Schools,1265,South Decatur Elementary School,0.862
1655,Decatur County Community Schools,1266,North Decatur Elementary School,0.947
1730,Greensburg Community Schools,1270,Greensburg Elementary,0.942
1805,DeKalb Co Eastern Com Sch Dist,1321,Butler Elementary School,0.885
1805,DeKalb Co Eastern Com Sch Dist,1335,Riverdale Elementary School,0.955
1820,Garrett-Keyser-Butler Com Sch Corp,1329,J E Ober Elementary School,0.79
1835,DeKalb Co Ctl United Sch Dist,1341,Waterloo Elementary School,0.862
1835,DeKalb Co Ctl United Sch Dist,1351,James R Watson Elementary School,0.942
1835,DeKalb Co Ctl United Sch Dist,1357,McKenney-Harrison Elementary Sch,0.752
1835,DeKalb Co Ctl United Sch Dist,1359,Country Meadow Elementary School,0.695
1875,Delaware Community School Corp,1365,Royerton Elementary School,0.948
1875,Delaware Community School Corp,1409,Eaton Elementary School,0.917
1875,Delaware Community School Corp,1520,Albany Elementary School,0.887
1885,Wes-Del Community Schools,1413,Wes-Del Elementary School,0.931
1895,Liberty-Perry Community Sch Corp,1381,Selma Elementary School,0.91
1900,Cowan Community School Corp,1385,Cowan Elementary School,0.83
1910,Yorktown Community Schools,1393,Yorktown Elementary School,0.887
1940,Daleville Community Schools,1405,Daleville Elementary School,0.935
1970,Muncie Community Schools,1470,Grissom Elementary School,0.523
1970,Muncie Community Schools,1482,South View Elementary School,NA
1970,Muncie Community Schools,1485,Longfellow Elementary School,NA
1970,Muncie Community Schools,1496,North View Elementary School,0.893
1970,Muncie Community Schools,1500,Muncie Virtual Academy,NA
1970,Muncie Community Schools,1513,East Washington Academy,0.769
1970,Muncie Community Schools,1517,West View Elementary School,0.821
2040,Northeast Dubois Co Sch Corp,1549,Northeast Dubois Intermediate School,0.985
2100,Southeast Dubois Co Sch Corp,1563,Pine Ridge Elementary School,0.893
2100,Southeast Dubois Co Sch Corp,1581,Ferdinand Elementary School,0.927
2110,Southwest Dubois Co Sch Corp,1529,Holland Elementary School,0.914
2110,Southwest Dubois Co Sch Corp,1590,Huntingburg Elementary School,0.846
2120,Greater Jasper Consolidated Schs,1569,Ireland Elementary School,NA
2120,Greater Jasper Consolidated Schs,1601,Jasper Elementary School,0.875
2155,Fairfield Community Schools,1621,Millersburg Elementary- Middle Sch,0.873
2155,Fairfield Community Schools,1649,New Paris Elementary School,0.829
2155,Fairfield Community Schools,1652,Benton Elementary School,0.899
2260,Baugo Community Schools,1707,Jimtown Intermediate School,0.885
2270,Concord Community Schools,1721,Concord East Side Elementary Sch,0.772
2270,Concord Community Schools,1723,Concord Ox Bow Elementary School,0.838
2270,Concord Community Schools,1725,Concord South Side Elementary Sch,0.681
2270,Concord Community Schools,1729,Concord West Side Elem School,0.629
2275,Middlebury Community Schools,1656,Jefferson Elementary School,0.861
2275,Middlebury Community Schools,1697,York Elementary School,0.805
2275,Middlebury Community Schools,1731,Heritage Intermediate School,NA
2275,Middlebury Community Schools,1732,Middlebury Elementary School,0.906
2275,Middlebury Community Schools,1734,Orchard View School,0.849
2285,Wa-Nee Community Schools,1735,Wakarusa Elementary School,0.901
2285,Wa-Nee Community Schools,1743,Nappanee Elementary School,0.98
2285,Wa-Nee Community Schools,1747,Woodview Elementary School,0.858
2305,Elkhart Community Schools,1617,Cleveland Elementary School,0.747
2305,Elkhart Community Schools,1673,Osolo Elementary School,0.693
2305,Elkhart Community Schools,1679,Eastwood Elementary School,0.767
2305,Elkhart Community Schools,1681,Mary Feeser Elementary School,0.722
2305,Elkhart Community Schools,1693,Bristol Elementary School,0.614
2305,Elkhart Community Schools,1752,Elkhart Alternative Education,NA
2305,Elkhart Community Schools,1765,Beardsley Elementary School,0.436
2305,Elkhart Community Schools,1769,Mary Beck Elementary School,NA
2305,Elkhart Community Schools,1773,Mary Daly Elementary School,0.601
2305,Elkhart Community Schools,1785,Pinewood Elementary School,0.7
2305,Elkhart Community Schools,1789,Monger Elementary School,0.714
2305,Elkhart Community Schools,1797,Riverview Elementary School,0.737
2305,Elkhart Community Schools,1801,Roosevelt STEAM Academy,0.658
2305,Elkhart Community Schools,1817,Woodland Elementary School,0.676
2315,Goshen Community Schools,1633,Model Elementary School,0.736
2315,Goshen Community Schools,1641,Waterford Elementary School,0.787
2315,Goshen Community Schools,1829,Chamberlain Elementary School,0.906
2315,Goshen Community Schools,1833,Chandler Elementary School,NA
2315,Goshen Community Schools,1843,Parkside Elementary School,0.824
2315,Goshen Community Schools,1847,Prairie View Elementary School,0.829
2315,Goshen Community Schools,1849,West Goshen Elementary School,NA
2395,Fayette County School Corporation,1869,Everton Elementary School,0.774
2395,Fayette County School Corporation,1897,Eastview Elementary School,0.751
2395,Fayette County School Corporation,1909,Frazee Elementary School,0.768
2395,Fayette County School Corporation,1913,Grandview Elementary School,NA
2395,Fayette County School Corporation,1921,Fayette Central Elementary,0.857
2400,New Albany-Floyd Co Con Sch,1929,Georgetown Elementary School,0.899
2400,New Albany-Floyd Co Con Sch,1943,Slate Run Elementary School,0.801
2400,New Albany-Floyd Co Con Sch,1949,Fairmont Elementary School,0.803
2400,New Albany-Floyd Co Con Sch,1953,Greenville Elementary School,0.819
2400,New Albany-Floyd Co Con Sch,1957,Grant Line Elementary School,0.924
2400,New Albany-Floyd Co Con Sch,1961,Green Valley Elementary School,0.853
2400,New Albany-Floyd Co Con Sch,1966,Floyds Knobs Elementary School,0.943
2400,New Albany-Floyd Co Con Sch,1974,Mount Tabor Elementary School,0.846
2400,New Albany-Floyd Co Con Sch,1981,S Ellen Jones Elementary School,0.698
2435,Attica Consolidated School Corp,2057,Attica Elementary School,0.882
2440,Covington Community School Corp,2009,Covington Elementary School,0.903
2455,Southeast Fountain School Corp,2021,Southeast Fountain Elementary,0.922
2475,Franklin County Community Sch Corp,2082,Laurel School,NA
2475,Franklin County Community Sch Corp,2125,Brookville Elementary School,0.831
2475,Franklin County Community Sch Corp,2127,Mount Carmel School,NA
2645,Rochester Community School Corp,2185,George M Riddle Elementary School,0.938
2650,Caston School Corporation,2157,Caston Elementary School,0.845
2725,East Gibson School Corporation,2189,Wood Memorial Intermediate School,NA
2725,East Gibson School Corporation,2201,Francisco Elementary School,NA
2725,East Gibson School Corporation,2237,Wood Memorial Primary School,0.831
2735,North Gibson School Corporation,2223,Princeton Comm Intermediate School,0.84
2765,South Gibson School Corporation,2205,Haubstadt Community School,NA
2765,South Gibson School Corporation,2214,Fort Branch Community School,0.901
2765,South Gibson School Corporation,2241,Owensville Community School,0.789
2815,Eastbrook Community Sch Corp,2263,Eastbrook South Elementary,0.834
2815,Eastbrook Community Sch Corp,2264,Eastbrook North Elementary,0.916
2825,Madison-Grant United School Corp,2329,Park Elementary School,0.837
2825,Madison-Grant United School Corp,2834,Virtual Preparatory Academy of Indiana at Madison-Grant K-5,NA
2855,Mississinewa Community School Corp,2346,Northview Elementary School,0.835
2865,Marion Community Schools,2369,Allen Elementary School,NA
2865,Marion Community Schools,2393,John W Kendall Elem School,0.783
2865,Marion Community Schools,2405,Riverview Elementary School,0.778
2865,Marion Community Schools,2409,Frances Slocum Elem School,0.767
2920,Bloomfield School District,2417,Bloomfield Elementary School,0.88
2940,Eastern Greene Schools,2433,Eastern Greene Elementary School,0.831
2950,Linton-Stockton School Corporation,2441,Linton-Stockton Elementary,0.978
2960,MSD Shakamak Schools,2449,Shakamak Elementary School,0.92
2980,White River Valley School District,2460,White River Valley Elementary Sch,0.942
3005,Hamilton Southeastern Schools,2464,Deer Creek Elementary,0.95
3005,Hamilton Southeastern Schools,2466,Brooks School Elementary,0.865
3005,Hamilton Southeastern Schools,2468,New Britton Elementary School,0.812
3005,Hamilton Southeastern Schools,2469,Fishers Elementary School,0.803
3005,Hamilton Southeastern Schools,2470,Cumberland Road Elem School,0.925
3005,Hamilton Southeastern Schools,2471,Hoosier Road Elementary School,0.879
3005,Hamilton Southeastern Schools,2473,Fall Creek Elementary School,0.882
3005,Hamilton Southeastern Schools,2474,Geist Elementary School,NA
3005,Hamilton Southeastern Schools,2475,Lantern Road Elementary School,0.954
3005,Hamilton Southeastern Schools,2481,Harrison Parkway Elementary School,0.943
3005,Hamilton Southeastern Schools,2482,Sand Creek Elementary,0.86
3005,Hamilton Southeastern Schools,2483,Thorpe Creek Elementary,NA
3005,Hamilton Southeastern Schools,2484,Southeastern Elementary School,NA
3025,Hamilton Heights School Corp,2478,Hamilton Heights Elementary School,0.869
3030,Westfield-Washington Schools,2492,Shamrock Springs Elementary School,0.889
3030,Westfield-Washington Schools,2494,Carey Ridge Elementary School,0.747
3030,Westfield-Washington Schools,2495,Washington Woods Elementary School,0.779
3030,Westfield-Washington Schools,2496,Oak Trace Elementary School,NA
3030,Westfield-Washington Schools,2498,Monon Trail Elementary School,0.87
3030,Westfield-Washington Schools,2504,Maple Glen Elementary,0.904
3055,Sheridan Community Schools,2465,Sheridan Elementary School,0.857
3060,Carmel Clay Schools,2507,Woodbrook Elementary School,NA
3060,Carmel Clay Schools,2508,Cherry Tree Elementary School,0.731
3060,Carmel Clay Schools,2509,Carmel Elementary School,0.916
3060,Carmel Clay Schools,2510,College Wood Elementary School,NA
3060,Carmel Clay Schools,2512,Smoky Row Elementary School,0.992
3060,Carmel Clay Schools,2515,Prairie Trace Elementary School,0.928
3060,Carmel Clay Schools,2516,Mohawk Trails Elementary School,0.772
3060,Carmel Clay Schools,2518,Forest Dale Elementary School,0.891
3060,Carmel Clay Schools,2522,Towne Meadow Elementary School,0.879
3060,Carmel Clay Schools,2526,West Clay Elementary School,NA
3060,Carmel Clay Schools,3071,Clay Center Elementary School,NA
3070,Noblesville Schools,2523,Hinkle Creek Elementary School,0.853
3070,Noblesville Schools,2529,North Elementary School,0.847
3070,Noblesville Schools,2533,Stony Creek Elementary School,0.861
3070,Noblesville Schools,2537,Noble Crossing Elementary School,0.901
3070,Noblesville Schools,2538,Hazel Dell Elementary School,0.855
3070,Noblesville Schools,2539,Promise Road Elementary,0.796
3070,Noblesville Schools,2547,White River Elementary School,0.797
3115,Southern Hancock Co Com Sch Corp,2563,Brandywine Elementary School,0.899
3115,Southern Hancock Co Com Sch Corp,2564,New Palestine Elementary School,0.94
3115,Southern Hancock Co Com Sch Corp,2567,Sugar Creek Elementary Sch,0.889
3125,Greenfield-Central Com Schools,2581,Eden Elementary School,NA
3125,Greenfield-Central Com Schools,2588,JB Stephens Elementary School,0.93
3125,Greenfield-Central Com Schools,2597,Harris Elementary School,0.876
3125,Greenfield-Central Com Schools,2609,Weston Elementary School,0.87
3135,Mt Vernon Community School Corp,2558,Fortville Elementary School,0.947
3135,Mt Vernon Community School Corp,2561,Mt Comfort Elementary School,0.91
3135,Mt Vernon Community School Corp,2570,McCordsville Elementary School,0.86
3145,Eastern Hancock Co Com Sch Corp,2586,Eastern Hancock Elementary School,0.841
3160,Lanesville Community School Corp,2611,Lanesville Elementary School,0.962
3180,North Harrison Com School Corp,2621,Morgan Elementary School,0.935
3180,North Harrison Com School Corp,2633,North Harrison Elementary School,0.892
3190,South Harrison Com Schools,2645,Corydon Elementary School,0.819
3190,South Harrison Com Schools,2649,New Middletown Elementary School,NA
3190,South Harrison Com Schools,2653,Heth-Washington Elementary School,NA
3190,South Harrison Com Schools,2667,South Central Elementary,0.82
3295,North West Hendricks Schools,2685,North Salem Elementary School,NA
3295,North West Hendricks Schools,2725,Pittsboro Elementary School,1
3305,Brownsburg Community School Corp,2706,Brown Elementary School,0.961
3305,Brownsburg Community School Corp,2711,Eagle Elementary School,0.96
3305,Brownsburg Community School Corp,2714,Reagan Elementary School,0.988
3305,Brownsburg Community School Corp,2718,Delaware Trail Elementary School,0.938
3305,Brownsburg Community School Corp,2723,White Lick Elementary School,0.949
3305,Brownsburg Community School Corp,2727,Cardinal Elementary School,0.968
3305,Brownsburg Community School Corp,2744,Lincoln Elementary School,0.921
3315,Avon Community School Corp,2726,River Birch Elementary School,0.939
3315,Avon Community School Corp,2733,Maple Elementary School,0.892
3315,Avon Community School Corp,2735,Sycamore Elementary School,0.889
3315,Avon Community School Corp,2738,Cedar Elementary School,0.906
3315,Avon Community School Corp,2739,Pine Tree Elementary School,0.91
3315,Avon Community School Corp,2740,Hickory Elementary School,0.844
3325,Danville Community School Corp,2745,South Elementary School,0.909
3330,Plainfield Community School Corp,2748,Clarks Creek Elementary,0.717
3330,Plainfield Community School Corp,2751,Central Elementary School,0.899
3330,Plainfield Community School Corp,2761,Van Buren Elementary School,0.892
3330,Plainfield Community School Corp,2763,Brentwood Elementary School,0.912
3330,Plainfield Community School Corp,3338,Guilford Elementary,0.777
3335,Mill Creek Community Sch Corp,2675,Mill Creek East Elementary,0.912
3335,Mill Creek Community Sch Corp,2677,Mill Creek West Elementary,0.918
3405,Blue River Valley Schools,2803,Blue River Valley Elementary Sch,0.785
3415,South Henry School Corp,2777,Tri Elementary School,0.741
3435,Shenandoah School Corporation,2815,Shenandoah Elementary School,0.886
3445,New Castle Community School Corp,2832,Eastwood Elementary School,NA
3445,New Castle Community School Corp,2847,Parker Elementary School,0.681
3445,New Castle Community School Corp,2849,James Whitcomb Riley Elem School,0.95
3445,New Castle Community School Corp,2853,Sunnyside Elementary School,NA
3445,New Castle Community School Corp,2861,Westwood Elementary School,0.806
3445,New Castle Community School Corp,2865,Wilbur Wright Elementary School,0.867
3455,C A Beard Memorial School Corp,2887,Knightstown Elementary School,0.928
3460,Taylor Community School Corp,2895,Taylor Elementary School,0.635
3470,Northwestern School Corp,2904,Northwestern Elementary School,0.942
3470,Northwestern School Corp,2905,Howard Elementary School,0.89
3480,Eastern Howard School Corporation,2909,Eastern Elementary School,0.843
3490,Western School Corporation,2923,Western Intermediate School,0.947
3500,Kokomo School Corporation,2943,Sycamore Elementary School,0.623
3500,Kokomo School Corporation,2947,Boulevard Elementary School,0.826
3500,Kokomo School Corporation,2961,Elwood Haynes Elementary School,0.53
3500,Kokomo School Corporation,2969,Lafayette Park Elementary School,0.8
3500,Kokomo School Corporation,2993,Pettit Park School,NA
3500,Kokomo School Corporation,3005,Wallace Elementary School,0.848
3625,Huntington Co Com Sch Corp,3021,Andrews Elementary School,0.845
3625,Huntington Co Com Sch Corp,3029,Roanoke Elementary School,0.828
3625,Huntington Co Com Sch Corp,3035,Salamonie Elementary School,0.921
3625,Huntington Co Com Sch Corp,3077,Flint Springs Elementary,0.863
3625,Huntington Co Com Sch Corp,3081,Lincoln Elementary School,0.79
3625,Huntington Co Com Sch Corp,3086,Horace Mann Elementary,0.776
3640,Medora Community School Corp,3095,Medora STEM Academy,NA
3675,Seymour Community Schools,3105,Cortland Elementary School,NA
3675,Seymour Community Schools,3135,Margaret R Brown Elementary School,0.535
3675,Seymour Community Schools,3141,Emerson Elementary School,0.77
3675,Seymour Community Schools,3153,Seymour-Jackson Elementary School,0.633
3675,Seymour Community Schools,3157,Seymour-Redding Elementary School,0.65
3695,Brownstown Cnt Com Sch Corp,3129,Brownstown Elementary School,0.832
3710,Crothersville Community Schools,3122,Crothersville Elementary School,0.736
3785,Kankakee Valley School Corp,3184,DeMotte Elementary School,0.901
3785,Kankakee Valley School Corp,3197,Wheatfield Elementary School,0.908
3815,Rensselaer Central School Corp,3205,Van Rensselaer Elementary School,0.874
3945,Jay School Corporation,3241,Bloomfield Elementary School,0.906
3945,Jay School Corporation,3247,Redkey Elementary School,0.873
3945,Jay School Corporation,3273,East Jay Elementary,0.779
3945,Jay School Corporation,3289,West Jay Elementary,NA
3995,Madison Consolidated Schools,3301,Deputy Elementary School,NA
3995,Madison Consolidated Schools,3321,Rykers' Ridge Elementary School,0.768
3995,Madison Consolidated Schools,3329,Lydia Middleton Elementary School,0.868
3995,Madison Consolidated Schools,3333,Anderson Elementary School,0.713
4000,Southwestern-Jefferson Co Con,3341,Southwestern Elementary School,0.837
4015,Jennings County School Corporation,3349,Sand Creek Elementary School,NA
4015,Jennings County School Corporation,3357,Scipio Elementary School,0.821
4015,Jennings County School Corporation,3361,Graham Creek Elementary School,1
4015,Jennings County School Corporation,3385,Hayden Elementary School,0.799
4015,Jennings County School Corporation,3389,Brush Creek Elementary School,0.79
4015,Jennings County School Corporation,3397,North Vernon Elementary School,0.855
4145,Clark-Pleasant Community Sch Corp,3401,Clark Elementary School,0.863
4145,Clark-Pleasant Community Sch Corp,3422,Grassy Creek Elementary School,0.825
4145,Clark-Pleasant Community Sch Corp,3425,Whiteland Elementary School,0.819
4145,Clark-Pleasant Community Sch Corp,3429,Break-O-Day Elementary School,0.914
4145,Clark-Pleasant Community Sch Corp,3430,Pleasant Crossing Elementary,0.826
4145,Clark-Pleasant Community Sch Corp,4172,Ray Crowe Elementary,0.793
4205,Center Grove Community School Corp,3434,Sugar Grove Elementary School,0.88
4205,Center Grove Community School Corp,3435,Center Grove Elementary School,0.937
4205,Center Grove Community School Corp,3438,Walnut Grove Elementary School,0.792
4205,Center Grove Community School Corp,3439,Maple Grove Elementary School,0.856
4205,Center Grove Community School Corp,3440,North Grove Elementary School,0.862
4205,Center Grove Community School Corp,3444,Pleasant Grove Elementary School,0.943
4215,Edinburgh Community School Corp,3452,East Side Elementary School,0.851
4225,Franklin Community School Corp,3413,Needham Elementary School,0.926
4225,Franklin Community School Corp,3433,Union Elementary School,0.974
4225,Franklin Community School Corp,3461,Northwood Elementary School,0.746
4225,Franklin Community School Corp,3465,Webb Elementary School,0.818
4225,Franklin Community School Corp,3467,Creekside Elementary School,0.81
4245,Greenwood Community Sch Corp,3477,Greenwood Northeast Elementary Sch,0.81
4245,Greenwood Community Sch Corp,3479,Westwood Elementary School,0.91
4245,Greenwood Community Sch Corp,3481,V O Isom Central Elem School,0.826
4245,Greenwood Community Sch Corp,3483,Southwest Elementary School,0.904
4255,Nineveh-Hensley-Jackson United,3411,Indian Creek Intermediate School,0.943
4315,North Knox School Corp,3545,North Knox Intermediate,0.926
4325,South Knox School Corp,3489,South Knox Elementary School,0.94
4335,Vincennes Community School Corp,3509,Benjamin Franklin Elementary Sch,0.946
4335,Vincennes Community School Corp,3573,James Whitcomb Riley Elem Sch,NA
4335,Vincennes Community School Corp,3577,Tecumseh-Harrison Elementary Sch,0.759
4335,Vincennes Community School Corp,3581,Francis Vigo Elementary School,0.872
4345,Wawasee Community School Corp,3625,North Webster Elementary School,0.96
4345,Wawasee Community School Corp,3635,Milford Elementary School,0.769
4345,Wawasee Community School Corp,3637,Syracuse Elementary School,0.878
4415,Warsaw Community Schools,3589,Claypool Elementary School,0.72
4415,Warsaw Community Schools,3608,Eisenhower Elementary School,0.901
4415,Warsaw Community Schools,3610,Harrison Elementary School,0.807
4415,Warsaw Community Schools,3613,Leesburg Elementary School,0.836
4415,Warsaw Community Schools,3661,Jefferson Elementary School,0.75
4415,Warsaw Community Schools,3665,Lincoln Elementary School,0.837
4415,Warsaw Community Schools,3673,Madison Elementary School,0.831
4415,Warsaw Community Schools,3677,Washington Elementary School,0.893
4445,Tippecanoe Valley School Corp,2139,Akron Elementary School,0.828
4445,Tippecanoe Valley School Corp,3603,Mentone Elementary School,0.854
4455,Whitko Community School Corp,3642,Pierceton Elementary School,0.737
4455,Whitko Community School Corp,9173,South Whitley Elementary School,0.886
4515,Prairie Heights Community Sch Corp,3686,Prairie Heights Elementary School,0.898
4525,Westview School Corporation,3698,Topeka Elementary School,0.851
4525,Westview School Corporation,3704,Meadowview Elementary School,NA
4525,Westview School Corporation,3714,Shipshewana-Scott Elementary Sch,0.889
4535,Lakeland School Corporation,3739,Lakeland Intermediate School,0.716
4570,NW Indiana Special Education Coop,4287,Eagle Park Community School,NA
4580,Hanover Community School Corp,3780,Red Cedars Elementary,0.915
4590,River Forest Community Sch Corp,3797,Henry S Evans Elementary School,NA
4590,River Forest Community Sch Corp,3805,John I Meister Elementary School,NA
4600,Merrillville Community School Corp,3821,Henry P Fieler Elementary School,0.678
4600,Merrillville Community School Corp,3822,Homer Iddings Elementary School,0.76
4600,Merrillville Community School Corp,3826,Edgar L Miller Elementary School,0.662
4600,Merrillville Community School Corp,3827,John Wood Elementary School,0.729
4600,Merrillville Community School Corp,3829,Jonas E Salk Elementary School,0.82
4615,Lake Central School Corporation,3837,Kolling Elementary School,0.892
4615,Lake Central School Corporation,3839,George Bibich Elementary School,0.964
4615,Lake Central School Corporation,3840,James H Watson Elementary School,0.872
4615,Lake Central School Corporation,3843,Protsman Elementary School,0.946
4615,Lake Central School Corporation,4349,Homan Elementary School,0.902
4615,Lake Central School Corporation,4351,Peifer Elementary School,0.888
4645,Tri-Creek School Corporation,3753,Oak Hill Elementary School,0.841
4645,Tri-Creek School Corporation,3845,Lake Prairie Elementary School,1
4645,Tri-Creek School Corporation,3848,Three Creeks Elem School,0.957
4650,Lake Ridge New Tech Schools,3885,Longfellow New Tech Elementary Sch,0.52
4660,Crown Point Community School Corp,3769,Douglas MacArthur Elem School,1
4660,Crown Point Community School Corp,3773,Dwight D Eisenhower Elem School,0.901
4660,Crown Point Community School Corp,3903,Lake Street Elementary School,0.92
4660,Crown Point Community School Corp,3905,Solon Robinson Elementary School,0.949
4660,Crown Point Community School Corp,3907,Jerry Ross Elementary School,0.866
4660,Crown Point Community School Corp,3913,Timothy Ball Elementary School,0.926
4670,School City of East Chicago,3941,Benjamin Harrison Elementary Sch,0.618
4670,School City of East Chicago,3945,Abraham Lincoln Elementary School,NA
4670,School City of East Chicago,3953,William McKinley Elementary School,0.585
4670,School City of East Chicago,3961,George Washington Elementary Sch,0.503
4680,Lake Station Community Schools,3973,Alexander Hamilton Elementary Sch,NA
4680,Lake Station Community Schools,3975,Virgil I Bailey Elementary School,0.708
4690,Gary Community School Corp,4053,Banneker Elementary at Marquette,NA
4690,Gary Community School Corp,4061,Beveridge Elementary School,NA
4690,Gary Community School Corp,4068,Gary Virtual Academy,NA
4690,Gary Community School Corp,4086,Frankie Woods McCullough Academy,0.558
4690,Gary Community School Corp,4155,Glen Park Acad for Excel in Lrn,0.542
4690,Gary Community School Corp,4169,Daniel Hale Williams Elem Sch,0.481
4700,Griffith Public Schools,4171,Beiriger Elementary School,0.843
4710,School City of Hammond,4422,Joseph Hess Elementary School,0.587
4710,School City of Hammond,4449,Thomas A Edison Elementary School,0.687
4710,School City of Hammond,4451,Benjamin Franklin Elementary Sch,0.523
4710,School City of Hammond,4453,Warren G Harding Elementary School,0.524
4710,School City of Hammond,4455,Washington Irving Elementary Sch,0.515
4710,School City of Hammond,4457,Thomas Jefferson Elementary School,0.715
4710,School City of Hammond,4459,Kenwood Elementary School,0.7
4710,School City of Hammond,4463,Abraham Lincoln Elementary School,0.569
4710,School City of Hammond,4465,Annie Burns-Hicks Elementary School,0.545
4710,School City of Hammond,4469,Morton Elementary School,0.626
4710,School City of Hammond,4479,Lew Wallace Elementary School,0.529
4710,School City of Hammond,4484,Frank O'Bannon Elementary School,0.562
4720,School Town of Highland,4285,Judith Morton Johnston Elementary,0.934
4720,School Town of Highland,4290,Mildred Merkley Elementary School,0.766
4720,School Town of Highland,4301,Southridge Elementary School,0.871
4720,School Town of Highland,4303,Allen J Warren Elementary School,0.902
4730,School City of Hobart,4317,Liberty Elementary School,0.943
4730,School City of Hobart,4325,Veterans Elementary School at Mundell,0.836
4730,School City of Hobart,4327,Joan Martin Elementary School,0.761
4740,School Town of Munster,4337,James B Eads Elementary School,0.927
4740,School Town of Munster,4341,Ernest R Elliott Elementary School,0.976
4740,School Town of Munster,4343,Frank H Hammond Elementary School,0.972
4760,School City of Whiting,4361,Nathan Hale Elementary School,0.876
4805,New Prairie United School Corp,4679,Prairie View Elementary School,0.917
4805,New Prairie United School Corp,4693,Rolling Prairie Elementary School,0.958
4805,New Prairie United School Corp,7349,Olive Township Elementary School,0.992
4860,MSD of New Durham Township,4699,Westville Elementary School,0.862
4915,Tri-Township Cons School Corp,4696,Tri-Township Elementary School,0.95
4925,Michigan City Area Schools,4373,Coolspring Elementary School,0.707
4925,Michigan City Area Schools,4713,Springfield Elementary School,NA
4925,Michigan City Area Schools,4805,Edgewood Elementary School,0.637
4925,Michigan City Area Schools,4811,Lake Hills Elementary School,NA
4925,Michigan City Area Schools,4821,Joy Elementary School,0.753
4925,Michigan City Area Schools,4825,Knapp Elementary School,0.838
4925,Michigan City Area Schools,4833,Marsh Elementary School,NA
4925,Michigan City Area Schools,6829,Pine Elementary School,0.667
4940,South Central Com School Corp,4734,South Central Elementary School,0.955
4945,LaPorte Community School Corp,4707,Indian Trail Elementary School,0.782
4945,LaPorte Community School Corp,4721,Kingsford Heights Elementary Sch,NA
4945,LaPorte Community School Corp,4727,Kingsbury Elementary School,0.925
4945,LaPorte Community School Corp,4749,Hailmann Elementary School,NA
4945,LaPorte Community School Corp,4753,F Willard Crichfield Elementary,0.94
4945,LaPorte Community School Corp,4757,Lincoln Elementary School,NA
4945,LaPorte Community School Corp,4767,Riley Elementary School,NA
4945,LaPorte Community School Corp,4773,Handley Elementary School,0.883
5075,North Lawrence Com Schools,4864,Needmore Elementary School,0.878
5075,North Lawrence Com Schools,4885,Oolitic School,0.785
5075,North Lawrence Com Schools,4889,Shawswick Elementary School,0.838
5075,North Lawrence Com Schools,4909,Lincoln Elementary School,0.944
5075,North Lawrence Com Schools,4932,Parkview Elementary School,0.839
5085,Mitchell Community Schools,4861,Burris Elementary School,0.847
5245,Frankton-Lapel Community Schools,5009,Frankton Elementary School,0.99
5245,Frankton-Lapel Community Schools,5025,Lapel Elementary School,0.914
5255,South Madison Com Sch Corp,4935,East Elementary School,0.839
5255,South Madison Com Sch Corp,5061,Pendleton Elementary School,0.973
5255,South Madison Com Sch Corp,5064,Maple Ridge Elementary School,0.977
5265,Alexandria Community School Corp,5065,Alexandria Monroe Elementary School,0.854
5275,Anderson Community School Corp,4953,Edgewood Elementary School,NA
5275,Anderson Community School Corp,4977,Tenth Street Elementary School,0.777
5275,Anderson Community School Corp,5033,Valley Grove Elementary School,0.712
5275,Anderson Community School Corp,5102,Eastside Elementary School,0.765
5275,Anderson Community School Corp,5142,Anderson Elementary School,0.445
5275,Anderson Community School Corp,5146,Erskine Elementary School,0.781
5280,Elwood Community School Corp,5151,Elwood Intermediate School,0.691
5300,MSD Decatur Township,5178,Gold Academy,0.773
5300,MSD Decatur Township,5179,Blue Academy,0.831
5300,MSD Decatur Township,5185,Stephen Decatur Elementary School,0.727
5300,MSD Decatur Township,5187,Valley Mills Elementary School,0.829
5300,MSD Decatur Township,5189,West Newton Elementary School,0.864
5300,MSD Decatur Township,5192,Lynwood Elementary,NA
5310,Franklin Township Com Sch Corp,5194,South Creek Elementary,0.866
5310,Franklin Township Com Sch Corp,5198,Thompson Crossing Elementary Sch,0.765
5310,Franklin Township Com Sch Corp,5200,Mary Adams Elementary School,0.862
5310,Franklin Township Com Sch Corp,5201,Acton Elementary School,0.861
5310,Franklin Township Com Sch Corp,5202,Arlington Elementary School,0.82
5310,Franklin Township Com Sch Corp,5205,Bunker Hill Elementary School,0.799
5330,MSD Lawrence Township,5281,Brook Park Elementary School,0.54
5330,MSD Lawrence Township,5283,Mary Evelyn Castle Elementary Sch,0.778
5330,MSD Lawrence Township,5285,Crestview Elementary School,0.767
5330,MSD Lawrence Township,5287,Amy Beverland Elementary,0.85
5330,MSD Lawrence Township,5289,Harrison Hill Elementary School,0.581
5330,MSD Lawrence Township,5293,Indian Creek Elementary School,0.482
5330,MSD Lawrence Township,5294,Forest Glen Elementary School,0.891
5330,MSD Lawrence Township,5295,Winding Ridge Elementary School,0.621
5330,MSD Lawrence Township,5296,Oaklandon Elementary School,0.726
5330,MSD Lawrence Township,5298,Skiles Test Elementary School,0.652
5330,MSD Lawrence Township,5299,Sunnyside Elementary School,0.54
5340,Perry Township Schools,5321,William Henry Burkhart Elementary,0.708
5340,Perry Township Schools,5322,Mary Bryan Elementary School,0.788
5340,Perry Township Schools,5325,Clinton Young Elementary School,0.316
5340,Perry Township Schools,5333,Glenns Valley Elementary School,0.743
5340,Perry Township Schools,5337,Abraham Lincoln Elementary School,0.601
5340,Perry Township Schools,5338,Douglas MacArthur Elementary Sch,0.881
5340,Perry Township Schools,5345,Homecroft Elementary School,0.792
5340,Perry Township Schools,5347,Southport Elementary School,0.622
5340,Perry Township Schools,5351,Winchester Village Elementary,0.478
5340,Perry Township Schools,5366,Jeremiah Gray Elementary School,0.857
5340,Perry Township Schools,5372,Rosa Parks Elementary School,0.839
5350,MSD Pike Township,5349,Fishback Creek Public Academy,0.863
5350,MSD Pike Township,5352,Deer Run Elementary,0.756
5350,MSD Pike Township,5354,College Park Elementary School,0.622
5350,MSD Pike Township,5357,Central Elementary School,0.683
5350,MSD Pike Township,5358,Eagle Creek Elementary School,0.753
5350,MSD Pike Township,5359,Eastbrook Elementary School,0.681
5350,MSD Pike Township,5360,Guion Creek Elementary School,0.708
5350,MSD Pike Township,5363,Snacks Crossing Elementary School,0.465
5350,MSD Pike Township,5378,New Augusta Public Academy - South,0.693
5360,MSD Warren Township,5369,Eastridge Elementary School,0.778
5360,MSD Warren Township,5370,Hawthorne Elementary School,0.664
5360,MSD Warren Township,5373,Grassy Creek Elementary School,0.7
5360,MSD Warren Township,5375,Lakeside Elementary School,0.548
5360,MSD Warren Township,5377,Lowell Elementary School,0.85
5360,MSD Warren Township,5379,Warren Online Academy,NA
5360,MSD Warren Township,5386,Pleasant Run Elementary School,0.576
5360,MSD Warren Township,5389,Sunny Heights Elementary School,0.779
5360,MSD Warren Township,5391,Brookview Elementary School,0.674
5360,MSD Warren Township,5397,Liberty Park Elementary School,0.785
5370,MSD Washington Township,5403,Allisonville Elementary School,0.867
5370,MSD Washington Township,5406,Crooked Creek Elementary School,0.882
5370,MSD Washington Township,5407,Clearwater Elementary School,0.921
5370,MSD Washington Township,5408,Willow Lake Elementary School,0.805
5370,MSD Washington Township,5418,Greenbriar Elementary School,0.756
5370,MSD Washington Township,5427,Nora Elementary School,0.71
5370,MSD Washington Township,5430,Spring Mill Elementary School,0.84
5370,MSD Washington Township,5436,Fox Hill Elementary School,0.853
5375,MSD Wayne Township,5223,Maplewood Elementary School,0.558
5375,MSD Wayne Township,5227,Chapel Glen Elementary School,0.662
5375,MSD Wayne Township,5241,Garden City Elementary School,0.504
5375,MSD Wayne Township,5257,McClelland Elementary School,0.791
5375,MSD Wayne Township,5261,Rhoades Elementary School,0.645
5375,MSD Wayne Township,5265,Robey Elementary School,0.9
5375,MSD Wayne Township,5267,North Wayne Elementary School,0.644
5375,MSD Wayne Township,5268,Achieve Virtual Elementary,NA
5375,MSD Wayne Township,5270,Stout Field Elementary School,0.76
5375,MSD Wayne Township,5271,Sanders School,NA
5375,MSD Wayne Township,5273,Westlake Elementary School,0.594
5375,MSD Wayne Township,5274,Chapelwood Elementary School,0.764
5375,MSD Wayne Township,5446,Bridgeport Elementary School,0.749
5380,Beech Grove City Schools,5457,Central Elementary School,0.764
5385,Indianapolis Public Schools,5498,Cold Spring School,0.504
5385,Indianapolis Public Schools,5515,Thomas D Gregg School 15,NA
5385,Indianapolis Public Schools,5531,James A Garfield School 31,NA
5385,Indianapolis Public Schools,5534,Eleanor Skillen School 34,NA
5385,Indianapolis Public Schools,5538,Center for Inquiry School 70,0.736
5385,Indianapolis Public Schools,5539,William McKinley School 39,0.747
5385,Indianapolis Public Schools,5543,James Whitcomb Riley School 43,NA
5385,Indianapolis Public Schools,5546,Daniel Webster School 46,0.385
5385,Indianapolis Public Schools,5549,William Penn School 49,NA
5385,Indianapolis Public Schools,5551,James Russell Lowell School 51,0.403
5385,Indianapolis Public Schools,5554,Brookside School 54,0.578
5385,Indianapolis Public Schools,5555,IPS/Butler Lab at Eliza Blaker 55,0.725
5385,Indianapolis Public Schools,5556,Francis W Parker School 56,NA
5385,Indianapolis Public Schools,5557,George W Julian School 57,NA
5385,Indianapolis Public Schools,5558,Ralph Waldo Emerson School 58,NA
5385,Indianapolis Public Schools,5560,IPS/Butler Lab at William Bell 60,0.734
5385,Indianapolis Public Schools,5565,Raymond F Brandes School 65,NA
5385,Indianapolis Public Schools,5570,Edison School of the Arts 47,0.717
5385,Indianapolis Public Schools,5574,Theodore Potter School 74,0.798
5385,Indianapolis Public Schools,5577,Merle Sidener Gifted Academy,1
5385,Indianapolis Public Schools,5579,Carl Wilde School 79,0.305
5385,Indianapolis Public Schools,5582,Christian Park School 82,NA
5385,Indianapolis Public Schools,5583,Floro Torrence School 83,NA
5385,Indianapolis Public Schools,5587,George Washington Carver School 87,0.761
5385,Indianapolis Public Schools,5588,Anna Brochhausen School 88,0.488
5385,Indianapolis Public Schools,5590,Ernie Pyle School 90,NA
5385,Indianapolis Public Schools,5591,Rousseau McClellan School 91,0.917
5385,Indianapolis Public Schools,5596,Meredith Nicholson School 96,0.554
5385,Indianapolis Public Schools,5605,Charles Warren Fairbanks Sch 105,0.183
5385,Indianapolis Public Schools,5606,Robert Lee Frost School 106,NA
5385,Indianapolis Public Schools,5607,Lew Wallace School 107,0.37
5385,Indianapolis Public Schools,5609,Jonathan Jennings School 109,NA
5385,Indianapolis Public Schools,5614,Paul I Miller School 114,NA
5385,Indianapolis Public Schools,5619,George S Buck School 94,NA
5385,Indianapolis Public Schools,5623,Arlington Woods School 99,NA
5385,Indianapolis Public Schools,5635,Center For Inquiry School 2,0.897
5385,Indianapolis Public Schools,5659,Center for Inquiry School 84,NA
5385,Indianapolis Public Schools,5662,Clarence Farrington School 61,0.32
5385,Indianapolis Public Schools,5668,Center for Inquiry School 27,0.676
5385,Indianapolis Public Schools,5674,Frederick Douglass School 19,NA
5390,Southside Sp Srvs Of Marion Co,5320,RISE Learning Center,NA
5400,School Town of Speedway,5893,James A Allison Elementary Sch 3,NA
5400,School Town of Speedway,5897,Carl G Fisher Elementary School 1,NA
5400,School Town of Speedway,5901,Arthur C Newby Elementary School 2,0.971
5400,School Town of Speedway,5905,Frank H Wheeler Elementary Sch 4,0.738
5455,Culver Community Schools Corp,5928,Culver Elementary School,0.971
5470,Argos Community Schools,5936,Argos Community Elementary,0.897
5480,Bremen Public Schools,5943,Bremen Elementary/Middle School,0.762
5485,Plymouth Community School Corp,5933,Menominee Elementary School,0.746
5485,Plymouth Community School Corp,5961,Jefferson Elementary School,0.897
5485,Plymouth Community School Corp,5965,Washington Discovery Academy,0.721
5485,Plymouth Community School Corp,5969,Webster Elementary School,0.779
5495,Triton School Corporation,5922,Triton Elementary School,0.911
5520,Shoals Community School Corp,5989,Shoals Community Elementary School,0.881
5525,Loogootee Community Sch Corp,5997,Loogootee Elementary School,0.934
5615,Maconaquah School Corp,6035,Maconaquah Elementary School,0.746
5620,North Miami Community Schools,6051,North Miami Elementary School,0.911
5625,Oak Hill United School Corp,6073,Converse Elementary School,NA
5625,Oak Hill United School Corp,6081,Sweetser Elementary School,0.94
5635,Peru Community Schools,6093,Blair Pointe Upper Elementary,0.884
5705,Richland-Bean Blossom C S C,6153,Edgewood Intermediate School,0.872
5740,Monroe County Community Sch Corp,6123,Unionville Elementary School,NA
5740,Monroe County Community Sch Corp,6134,Lakeview Elementary School,0.895
5740,Monroe County Community Sch Corp,6157,Grandview Elementary School,0.779
5740,Monroe County Community Sch Corp,6162,Highland Park Elementary School,0.706
5740,Monroe County Community Sch Corp,6164,Summit Elementary School,0.771
5740,Monroe County Community Sch Corp,6173,Binford Elementary School,0.886
5740,Monroe County Community Sch Corp,6181,Arlington Heights Elementary Sch,0.602
5740,Monroe County Community Sch Corp,6187,Childs Elementary School,0.914
5740,Monroe County Community Sch Corp,6189,Clear Creek Elementary School,0.78
5740,Monroe County Community Sch Corp,6197,Fairview Elementary School,0.731
5740,Monroe County Community Sch Corp,6213,Marlin Elementary School,NA
5740,Monroe County Community Sch Corp,6225,Templeton Elementary School,0.814
5740,Monroe County Community Sch Corp,6226,University Elementary School,0.802
5835,North Montgomery Com Sch Corp,6240,Pleasant Hill Elementary School,0.791
5835,North Montgomery Com Sch Corp,6243,Lester B Sommer Elementary School,0.904
5835,North Montgomery Com Sch Corp,6246,Sugar Creek Elementary School,0.849
5845,South Montgomery Com Sch Corp,6233,Ladoga Elementary School,NA
5845,South Montgomery Com Sch Corp,6258,Walnut Elementary School,NA
5845,South Montgomery Com Sch Corp,6269,New Market Elementary School,0.909
5855,Crawfordsville Community Schools,6301,Meredith Nicholson Elementary Sch,0.785
5900,Monroe-Gregg School District,6323,Monrovia Elementary School,0.849
5910,Eminence Community School Corp,6327,Eminence Elementary School,0.95
5925,MSD Martinsville Schools,6309,Green Township Elementary School,0.862
5925,MSD Martinsville Schools,6337,Brooklyn STEM Academy,NA
5925,MSD Martinsville Schools,6341,Centerton Elementary School,0.917
5925,MSD Martinsville Schools,6344,South Elementary School of Communications,0.868
5925,MSD Martinsville Schools,6349,Charles L Smith Fine Arts Academy,0.893
5925,MSD Martinsville Schools,6357,Paragon Elementary School,0.78
5925,MSD Martinsville Schools,6361,Poston Road Elementary School,0.939
5930,Mooresville Con School Corp,6375,Neil Armstrong Elementary School,0.76
5930,Mooresville Con School Corp,6381,Newby Memorial Elementary School,0.904
5930,Mooresville Con School Corp,6385,North Madison Elementary School,0.903
5930,Mooresville Con School Corp,6387,Northwood Elementary School,0.876
5930,Mooresville Con School Corp,6393,Waverly Elementary School,0.922
5945,North Newton School Corp,6397,Morocco Elementary School,NA
5945,North Newton School Corp,6405,Lake Village Elementary School,NA
5945,North Newton School Corp,6409,Lincoln Elementary School,0.937
5995,South Newton School Corp,6431,South Newton Elementary School,0.863
6055,Central Noble Com School Corp,6454,Central Noble Elementary School,0.772
6060,East Noble School Corporation,6457,Avilla Elementary School,0.669
6060,East Noble School Corporation,6465,Rome City Elementary School,0.862
6060,East Noble School Corporation,6477,North Side Elementary School,0.79
6060,East Noble School Corporation,6478,South Side Elementary School,0.58
6060,East Noble School Corporation,6485,Wayne Center Elem School,0.776
6065,West Noble School Corporation,6510,West Noble Elementary School,0.802
6080,Rising Sun-Ohio Co Com,6511,Ohio County Elementary School,0.85
6145,Orleans Community Schools,6577,Orleans Elementary School,0.801
6155,Paoli Community School Corp,6587,Throop Elementary School,0.893
6160,Springs Valley Com School Corp,6591,Springs Valley Elementary School,0.832
6195,Spencer-Owen Community Schools,6601,Patricksburg Elementary School,NA
6195,Spencer-Owen Community Schools,6605,Gosport Elementary School,NA
6195,Spencer-Owen Community Schools,6617,Spencer Elementary School,0.813
6195,Spencer-Owen Community Schools,6619,McCormick's Creek Elementary Sch,0.935
6260,Southwest Parke Com Sch Corp,6621,Rosedale Elementary School,0.885
6260,Southwest Parke Com Sch Corp,6629,Montezuma Elementary School,0.867
6325,Perry Central Com Schools Corp,6705,Perry Central Elementary School,0.955
6340,Cannelton City Schools,6733,Cannelton Elementary & High School,NA
6350,Tell City-Troy Twp School Corp,6745,William Tell Elementary School,0.825
6375,North Central Parke Comm Schl Corp,6645,Rockville Elementary School,0.886
6375,North Central Parke Comm Schl Corp,6647,Turkey Run Elementary School,0.916
6445,Pike County School Corp,6808,Winslow Elementary School,0.935
6445,Pike County School Corp,6809,Petersburg Elementary School,0.943
6455,Porter County Education Services,6811,Porter County Education Services,NA
6460,MSD Boone Township,6815,Hebron Elementary School,0.941
6470,Duneland School Corporation,6817,Jackson Elementary School,0.915
6470,Duneland School Corporation,6819,Brummitt Elementary School,0.884
6470,Duneland School Corporation,6823,Liberty Elementary School,0.91
6470,Duneland School Corporation,6926,Trojan Virtual Academy,NA
6470,Duneland School Corporation,6928,Bailly Elementary School,0.881
6470,Duneland School Corporation,6941,Newton Yost Elementary School,0.941
6510,East Porter County School Corp,6828,Morgan Township Elementary School,0.947
6510,East Porter County School Corp,6835,Kouts Elementary School,0.903
6510,East Porter County School Corp,6852,Washington Twp Elementary School,NA
6520,Porter Township School Corp,6840,Porter Lakes Elementary School,0.919
6530,Union Township School Corp,6845,Union Center Elementary School,0.961
6530,Union Township School Corp,6846,John Simatovich Elementary School,0.975
6550,Portage Township Schools,6857,Wallace Aylesworth Elementary,0.832
6550,Portage Township Schools,6861,Crisman Elementary School,0.776
6550,Portage Township Schools,6865,Central Elementary School,0.689
6550,Portage Township Schools,6869,Ethel R Jones Elementary School,0.812
6550,Portage Township Schools,6874,Rowena Kyle Elementary School,0.856
6550,Portage Township Schools,6876,Paul Saylor Elementary School,0.756
6550,Portage Township Schools,6877,George L Myers Elementary School,0.814
6550,Portage Township Schools,6879,South Haven Elementary School,0.933
6560,Valparaiso Community Schools,6888,Thomas Jefferson Elementary School,0.968
6560,Valparaiso Community Schools,6891,Central Elementary School,1
6560,Valparaiso Community Schools,6893,Flint Lake Elementary School,0.931
6560,Valparaiso Community Schools,6897,Cooks Corners Elementary School,0.917
6560,Valparaiso Community Schools,6903,Heavilin Elementary School,0.942
6560,Valparaiso Community Schools,6913,Memorial Elementary School,0.853
6560,Valparaiso Community Schools,6917,Northview Elementary School,0.933
6560,Valparaiso Community Schools,6921,Parkview Elementary School,0.964
6590,MSD Mount Vernon,6961,West Elementary School,0.906
6590,MSD Mount Vernon,6965,Farmersville Elementary School,0.845
6590,MSD Mount Vernon,6969,Marrs Elementary School,0.986
6600,MSD North Posey Co Schools,6985,North Elementary School,0.888
6600,MSD North Posey Co Schools,6989,South Terrace Elementary,0.986
6620,Eastern Pulaski Community Sch Corp,6994,Eastern Pulaski Elementary School,0.855
6630,West Central School Corp,7027,West Central Elementary School,0.863
6705,South Putnam Community Schools,7055,Central Elementary School,0.874
6705,South Putnam Community Schools,7057,Fillmore Elementary School,0.864
6715,North Putnam Community Schools,7041,Bainbridge Elementary School,0.821
6715,North Putnam Community Schools,7045,Roachdale Elementary School,0.96
6750,Cloverdale Community Schools,7079,Cloverdale Distance Learning Academy,NA
6750,Cloverdale Community Schools,7082,Cloverdale Elementary School,0.892
6755,Greencastle Community School Corp,7102,Tzouanakis Intermediate School,0.825
6795,Union School Corporation,7117,Union Elementary School,NA
6795,Union School Corporation,7122,Indiana Digital Elementary,0.587
6805,Randolph Southern School Corp,7113,Randolph Southern Elementary Sch,0.856
6820,Monroe Central School Corp,7152,Monroe Central Elementary School,0.917
6825,Randolph Central School Corp,7145,Willard Elementary School,0.815
6825,Randolph Central School Corp,7146,Deerfield Elementary School,NA
6835,Randolph Eastern School Corp,7164,North Side Elementary School,0.809
6865,South Ripley Com Sch Corp,7178,South Ripley Elementary School,0.882
6895,Batesville Community School Corp,7229,Batesville Intermediate School,0.963
6900,Jac-Cen-Del Community Sch Corp,7203,Jac-Cen-Del Elementary School,0.88
6910,Milan Community Schools,7209,Milan Elementary School,0.858
6995,Rush County Schools,7233,Milroy Elementary School,NA
6995,Rush County Schools,7253,Arlington Elementary School,NA
6995,Rush County Schools,7271,Rushville Elementary School,0.739
6995,Rush County Schools,7272,Rushville Elementary School West,0.9
7150,John Glenn School Corporation,7456,North Liberty School,0.955
7150,John Glenn School Corporation,7457,Walkerton Elementary School,0.944
7175,Penn-Harris-Madison School Corp,7323,Walt Disney Elementary School,0.818
7175,Penn-Harris-Madison School Corp,7324,Prairie Vista Elementary School,0.973
7175,Penn-Harris-Madison School Corp,7329,Mary Frank Harris Elementary Sch,0.848
7175,Penn-Harris-Madison School Corp,7341,Madison Elementary School,NA
7175,Penn-Harris-Madison School Corp,7361,Elm Road Elementary School,0.752
7175,Penn-Harris-Madison School Corp,7365,Elsie Rogers Elementary School,0.809
7175,Penn-Harris-Madison School Corp,7377,Moran Elementary School,0.844
7175,Penn-Harris-Madison School Corp,7379,Bittersweet Elementary School,0.869
7175,Penn-Harris-Madison School Corp,7383,Horizon Elementary School,0.879
7175,Penn-Harris-Madison School Corp,7386,Meadow's Edge Elementary School,0.751
7175,Penn-Harris-Madison School Corp,7390,Northpoint Elementary School,0.989
7200,School City of Mishawaka,7459,Fred J Hums Elementary School,0.868
7200,School City of Mishawaka,7469,Battell Elementary School,0.879
7200,School City of Mishawaka,7473,Beiger Elementary School,0.827
7200,School City of Mishawaka,7478,Liberty Elementary School,NA
7200,School City of Mishawaka,7481,Emmons Elementary School,NA
7200,School City of Mishawaka,7485,Lasalle Elementary School,NA
7200,School City of Mishawaka,7499,Twin Branch Elementary School,0.886
7205,South Bend Community School Corp,7248,South Bend Virtual School,NA
7205,South Bend Community School Corp,7417,Warren Elementary School,NA
7205,South Bend Community School Corp,7425,Clay International Academy,0.673
7205,South Bend Community School Corp,7435,Darden Elementary School,0.75
7205,South Bend Community School Corp,7441,Swanson Traditional School,0.893
7205,South Bend Community School Corp,7533,Coquillard Elementary School,0.267
7205,South Bend Community School Corp,7545,Harrison Elementary School,0.31
7205,South Bend Community School Corp,7546,Marshall Traditional School,0.776
7205,South Bend Community School Corp,7555,Kennedy Academy,0.909
7205,South Bend Community School Corp,7561,Lincoln Elementary School,NA
7205,South Bend Community School Corp,7569,McKinley Elementary School,0.404
7205,South Bend Community School Corp,7573,Madison S.T.E.A.M. Academy,NA
7205,South Bend Community School Corp,7577,Marquette Montessori Academy,0.833
7205,South Bend Community School Corp,7585,Monroe Elementary School,0.411
7205,South Bend Community School Corp,7588,Wilson Elementary School,NA
7205,South Bend Community School Corp,7593,Muessel Elementary School,NA
7205,South Bend Community School Corp,7601,Nuner Fine Arts Academy,NA
7215,Union-North United School Corp,7400,LaVille Elementary School,0.876
7230,Scott County School District 1,7630,Austin Elementary School,0.69
7255,Scott County School District 2,7633,Johnson Elementary School,NA
7255,Scott County School District 2,7637,Lexington Elementary School,0.808
7255,Scott County School District 2,7649,Scottsburg Elem School,0.866
7255,Scott County School District 2,7653,Vienna-Finley Elementary School,0.898
7285,Shelby Eastern Schools,7663,Morristown Elementary School,0.858
7285,Shelby Eastern Schools,7667,Waldron Elementary School,0.952
7350,Northwestern Con School Corp,7691,Triton Central Elementary School,0.937
7360,Southwestern Con Sch Shelby Co,7703,Southwestern Elementary School,0.829
7365,Shelbyville Central Schools,7725,Coulston Elementary School,0.735
7365,Shelbyville Central Schools,7729,Thomas A Hendricks Elementary Sch,0.799
7365,Shelbyville Central Schools,7733,William F Loper Elementary School,0.865
7385,North Spencer County Sch Corp,7751,Chrisney Elementary School,0.95
7385,North Spencer County Sch Corp,7753,David Turnham Education Center,0.912
7385,North Spencer County Sch Corp,7755,Nancy Hanks Elementary School,NA
7385,North Spencer County Sch Corp,7767,Lincoln Trail Elementary School,1
7445,South Spencer County Sch Corp,7789,Luce Elementary School,NA
7445,South Spencer County Sch Corp,7803,Rockport-Ohio Elementary School,0.953
7495,Oregon-Davis School Corp,7818,Oregon-Davis Elementary School,0.923
7515,North Judson-San Pierre Sch Corp,7851,North Judson-San Pierre Elem Sch,0.781
7525,Knox Community School Corp,7845,Knox Community Elementary School,0.83
7605,Fremont Community Schools,7881,Fremont Elementary School,0.866
7610,Hamilton Community Schools,7889,Hamilton Community Elementary Sch,NA
7615,MSD Steuben County,7897,Carlin Park Elementary School,0.782
7615,MSD Steuben County,7899,Ryan Park Elementary School,0.757
7615,MSD Steuben County,7901,Hendry Park Elementary School,0.863
7615,MSD Steuben County,7905,Pleasant Lake Elementary School,0.867
7645,Northeast School Corp,7921,Northeast North Elementary School,NA
7645,Northeast School Corp,7941,Northeast East Elementary School,NA
7715,Southwest School Corporation,7953,Carlisle Elementary School,NA
7715,Southwest School Corporation,7965,Sullivan Elementary School,0.803
7775,Switzerland County School Corp,7985,Jefferson-Craig Elementary School,0.897
7775,Switzerland County School Corp,7994,Switzerland Co Elementary School,0.841
7855,Lafayette School Corporation,8089,Edgelea Elementary School,0.931
7855,Lafayette School Corporation,8091,Glen Acres Elementary School,0.911
7855,Lafayette School Corporation,8103,Miami Elementary School,0.75
7855,Lafayette School Corporation,8104,Thomas Miller Elementary School,0.936
7855,Lafayette School Corporation,8105,Murdock Elementary School,0.858
7855,Lafayette School Corporation,8108,Oakland Elementary School,0.84
7855,Lafayette School Corporation,8117,Vinton Elementary School,0.875
7855,Lafayette School Corporation,8119,Amelia Earhart Elementary School,0.986
7865,Tippecanoe School Corp,8005,Mayflower Mill Elementary School,0.825
7865,Tippecanoe School Corp,8006,Wyandotte Elementary,0.838
7865,Tippecanoe School Corp,8007,Hershey Elementary School,0.875
7865,Tippecanoe School Corp,8009,Mintonye Elementary School,0.844
7865,Tippecanoe School Corp,8017,Dayton Elementary School,0.966
7865,Tippecanoe School Corp,8019,Burnett Creek Elementary School,0.89
7865,Tippecanoe School Corp,8021,Wea Ridge Elementary School,0.871
7865,Tippecanoe School Corp,8024,Battle Ground Elementary School,0.862
7865,Tippecanoe School Corp,8035,James Cole Elementary School,0.944
7865,Tippecanoe School Corp,8042,Klondike Elementary School,0.792
7865,Tippecanoe School Corp,8111,Woodland Elementary School,0.841
7875,West Lafayette Com School Corp,8138,West Lafayette Elementary School,0.877
7935,Tri-Central Community Schools,8154,Tri Central Elementary,0.862
7945,Tipton Community School Corp,8163,Tipton Elementary School,0.82
7950,Union Co/Clg Corner Joint Sch Dist,8209,Liberty Elementary School,0.904
7950,Union Co/Clg Corner Joint Sch Dist,8213,College Corner Union Elem School,0.909
7995,Evansville Vanderburgh School Corp,8207,EVSC Virtual Academy,NA
7995,Evansville Vanderburgh School Corp,8225,Cynthia Heights Elementary School,0.926
7995,Evansville Vanderburgh School Corp,8229,Scott Elementary School,0.864
7995,Evansville Vanderburgh School Corp,8231,Oak Hill Elementary,0.916
7995,Evansville Vanderburgh School Corp,8242,McCutchanville Elementary School,0.952
7995,Evansville Vanderburgh School Corp,8251,Lincoln School,NA
7995,Evansville Vanderburgh School Corp,8261,Caze Elementary School,0.609
7995,Evansville Vanderburgh School Corp,8265,Cedar Hall Community School,NA
7995,Evansville Vanderburgh School Corp,8270,Academy for Innovative Studies,NA
7995,Evansville Vanderburgh School Corp,8285,Delaware Elementary School,NA
7995,Evansville Vanderburgh School Corp,8289,Dexter Elementary School,0.531
7995,Evansville Vanderburgh School Corp,8293,Fairlawn Elementary School,0.4
7995,Evansville Vanderburgh School Corp,8301,Glenwood Leadership Academy,NA
7995,Evansville Vanderburgh School Corp,8309,Harper Elementary School,0.542
7995,Evansville Vanderburgh School Corp,8317,Hebron Elementary School,0.74
7995,Evansville Vanderburgh School Corp,8321,Stockwell Elementary School,0.806
7995,Evansville Vanderburgh School Corp,8325,Highland Elementary School,0.843
7995,Evansville Vanderburgh School Corp,8329,Lodge Community School,NA
7995,Evansville Vanderburgh School Corp,8353,Evans School,0.495
7995,Evansville Vanderburgh School Corp,8357,Stringtown Elementary School,0.821
7995,Evansville Vanderburgh School Corp,8361,Tekoppel Elementary School,0.638
7995,Evansville Vanderburgh School Corp,8365,Vogel Elementary School,0.874
7995,Evansville Vanderburgh School Corp,8376,Daniel Wertz Elementary School,0.665
7995,Evansville Vanderburgh School Corp,8381,West Terrace Elementary School,0.936
8010,North Vermillion Com Sch Corp,8403,North Vermillion Elementary School,0.809
8020,South Vermillion Com Sch Corp,8409,Central Elementary School,0.902
8020,South Vermillion Com Sch Corp,8431,Ernie Pyle Elementary School,0.908
8020,South Vermillion Com Sch Corp,8435,Van Duyn Elementary School,0.907
8030,Vigo County School Corp,8483,Vigo Virtual School Academy,NA
8030,Vigo County School Corp,8497,Sugar Creek Consolidated Elem Sch,0.796
8030,Vigo County School Corp,8505,Davis Park Elementary School,NA
8030,Vigo County School Corp,8510,Adelaide De Vaney Elementary Sch,0.906
8030,Vigo County School Corp,8511,Dixie Bee Elementary School,0.835
8030,Vigo County School Corp,8517,Farrington Grove Elementary School,NA
8030,Vigo County School Corp,8521,Fayette Elementary School,0.912
8030,Vigo County School Corp,8525,Rio Grande Elementary School,0.893
8030,Vigo County School Corp,8533,Benjamin Franklin Elem School,NA
8030,Vigo County School Corp,8537,Blanche E Fuqua Elementary School,NA
8030,Vigo County School Corp,8543,Hoosier Prairie Elementary School,0.844
8030,Vigo County School Corp,8549,Lost Creek Elementary School,0.901
8030,Vigo County School Corp,8575,Ouabache Elementary School,0.887
8030,Vigo County School Corp,8593,Riley Elementary School,0.918
8030,Vigo County School Corp,8605,Sugar Grove Elementary School,0.842
8030,Vigo County School Corp,8607,Terre Town Elementary School,0.871
8045,Manchester Community Schools,8633,Manchester Elementary School,0.928
8050,MSD Wabash County Schools,8656,Southwood Elementary School,0.843
8050,MSD Wabash County Schools,8657,Sharp Creek Elementary School,0.904
8060,Wabash City Schools,8706,O J Neighbours Elementary School,0.824
8115,MSD Warren County,8729,Williamsport Elementary School,0.617
8115,MSD Warren County,8733,Pine Village Elementary School,NA
8115,MSD Warren County,8744,Warren Central Elementary School,0.821
8130,Warrick County School Corp,8761,Yankeetown Elementary School,0.963
8130,Warrick County School Corp,8764,John H Castle Elementary School,0.985
8130,Warrick County School Corp,8769,Elberfeld Elementary School,NA
8130,Warrick County School Corp,8773,Lynnville Elementary School,1
8130,Warrick County School Corp,8777,Loge Elementary School,0.944
8130,Warrick County School Corp,8785,Tennyson Elementary School,NA
8130,Warrick County School Corp,8801,Oakdale Elementary School,0.86
8130,Warrick County School Corp,8813,Chandler Elementary School,0.963
8130,Warrick County School Corp,8817,Newburgh Elementary School,0.883
8130,Warrick County School Corp,8819,Sharon Elementary School,0.91
8205,Salem Community Schools,8864,Bradie Shrum Elementary,0.752
8215,East Washington School Corp,8904,East Washington Elementary School,0.835
8220,West Washington School Corp,8894,West Washington Elementary School,0.948
8305,Nettle Creek School Corporation,8989,Hagerstown Elementary School,0.915
8355,Western Wayne Schools,8971,Western Wayne Elementary School,0.872
8360,Centerville-Abington Com Schs,8983,Centerville-Abington Elem School,0.879
8375,Northeastern Wayne Schools,8928,Northeastern Elementary School,0.818
8385,Richmond Community Schools,8997,Test Intermediate School,NA
8385,Richmond Community Schools,9013,Charles Elementary School,0.847
8385,Richmond Community Schools,9014,Crestdale Elementary School,0.79
8385,Richmond Community Schools,9017,Fairview Elementary School,NA
8385,Richmond Community Schools,9038,Starr Elementary School,NA
8385,Richmond Community Schools,9045,Vaile Elementary School,NA
8385,Richmond Community Schools,9053,Westview Elementary School,0.781
8385,Richmond Community Schools,9056,Community Youth Services,NA
8425,Southern Wells Com Schools,9057,Southern Wells Elementary School,0.898
8435,Norwell Community Schools,9081,Ossian Elementary,0.885
8435,Norwell Community Schools,9085,Lancaster Central School,0.822
8445,MSD Bluffton-Harrison,9098,Bluffton-Harrison Elementary Sch,0.823
8515,North White School Corp,9119,North White Elementary School,0.651
8525,Frontier School Corporation,9113,Frontier Elementary,0.912
8535,Tri-County School Corporation,9143,Tri-County Intermediate School,0.86
8565,Twin Lakes School Corp,9129,Eastlawn Elementary School,0.952
8565,Twin Lakes School Corp,9157,Oaklawn Elementary School,0.88
8565,Twin Lakes School Corp,9163,Meadowlawn Elementary School,0.865
8625,Smith-Green Community Schools,9197,Churubusco Elementary School,0.879
8665,Whitley County Con Schools,9178,Little Turtle Elementary School,0.854
8665,Whitley County Con Schools,9179,Coesse School,0.89
8665,Whitley County Con Schools,9186,Northern Heights Elementary School,0.834
8665,Whitley County Con Schools,9196,Mary Raber Elementary School,0.732
8675,Invent Learning Hub,9532,Invent Learning Hub,NA
8685,PLA at George H Fisher School 93,5593,PLA at George H Fisher School 93,0.622
8690,Dynamic Minds Academy,8692,Dynamic Minds Academy,NA
8950,Phalen Leadership Academy at Francis Scott Key School 103,5603,Phalen at Francis Scott Key 103,0.452
8980,The PATH School,9971,The PATH School,0.251
9000,Phalen Virtual Leadership Academy,9992,Phalen Virtual Leadership Academy,NA
9030,Otwell Miller Academy,2019,Otwell Miller Academy,NA
9054,The Genius School,9924,The Genius School,NA
9060,Paramount Cottage Home,0139,Paramount Cottage Home,0.92
9065,Allegiant Preparatory Academy,1002,Allegiant Preparatory Academy,NA
9085,pilotED Schools,1006,Bethel Park Elementary | pilotED Schools,NA
9090,Matchbook Learning,1041,Matchbook Learning,NA
9095,Urban ACT Academy,9094,Urban ACT Academy,NA
9130,Adelante Schools,9993,Emma Donnan Elementary and Middle,NA
9150,Circle City Prep Charter School,1126,Circle City Preparatory Elementary School,NA
9310,Charter School of the Dunes,1535,Charter School of the Dunes,0.408
9320,Community Montessori Inc,1536,Community Montessori,NA
9330,Irvington Community School,1537,Irvington Preparatory Academy,0.85
9350,Timothy L Johnson Academy,1539,Timothy L Johnson Academy,0.639
9365,Enlace Academy,5667,Enlace Academy,0.403
9380,Christel House Academy South,5874,Christel House Academy South,NA
9395,Christel House Academy West,5871,Christel House Academy West,NA
9410,KIPP Indy Unite Elementary,5741,KIPP Indy Unite Elementary,NA
9425,Tindley Genesis Academy,5621,Tindley Genesis Academy,NA
9430,Tindley Summit Academy,5629,Tindley Summit Academy,NA
9460,Thea Bowman Leadership Academy,4022,Thea Bowman Leadership Academy,0.901
9465,Rural Community Schools Inc,7951,Rural Community Academy,NA
9485,SE Neighborhood Sch of Excellence,5868,SE Neighborhood Sch of Excellence,NA
9495,Joshua Academy,8203,Joshua Academy,NA
9531,Paramount Online Academy,9701,Paramount Online Academy,NA
9533,Promise Prep,9703,PLA@Promise Prep,NA
9534,Indy Steam Academy,9704,Indy Steam Academy,NA
9535,Gary Lighthouse Charter School,4130,Gary Lighthouse Charter School,NA
9536,Lawrence County Independent Schools,9706,Lawrence County Independent Schools,0.801
9537,The Nature School of Central Indiana,9707,The Nature School of Central Indiana,NA
9538,Herron Preparatory Academy,9702,Herron Preparatory Academy,0.969
9545,21st Century Charter Sch of Gary,4164,21st Century Charter Sch of Gary,0.627
9555,East Chicago Urban Enterprise Academy,3935,East Chicago Urban Enterprise Academy,NA
9575,Victory College Prep,5523,Victory College Prep,NA
9595,East Chicago Lighthouse Charter,3971,East Chicago Lighthouse,NA
9605,IN Sch for the Blind & Vis Imprd,C460,IN Sch for the Blind & Vis Imprd,NA
9610,Indiana School For The Deaf,C695,Indiana School For The Deaf,NA
9615,Andrew J Brown Academy,5488,Andrew J Brown Academy,NA
9620,Burris Laboratory School,1441,Burris Laboratory School,NA
9645,Avondale Meadows Academy,5716,Avondale Meadows Academy,NA
9665,Geist Montessori Academy,2572,Geist Montessori Academy,NA
9680,Paramount Brookside,5508,Paramount Brookside,0.883
9685,Aspire Charter Academy,4043,Aspire Charter Academy,NA
9690,Renaissance Academy Charter School,4711,Renaissance Academy Charter School,NA
9722,Springville Community Academy,9107,Springville Community Academy,NA
9725,Canaan Community Academy,3312,Canaan Community Academy,NA
9735,Inspire Academy - A Sch of Inquiry,1518,Inspire Academy - A Sch of Inquiry,NA
9737,Liberty Grove Schools,9002,Liberty Grove Schools,NA
9785,IN Math & Science Academy,5837,IN Math & Science Academy,0.767
9790,Anderson Preparatory Academy,5092,Anderson Preparatory Academy,0.746
9835,The Bloomington Project School,6215,The Bloomington Project School,0.877
9870,Discovery Charter School,6824,Discovery Charter School,0.816
9875,Rock Creek Community Academy,0771,Rock Creek Community Academy,0.87
9895,IN Math & Science Academy - North,5444,IN Math & Science Academy - North,NA
9905,Indiana Connections Academy,7944,Indiana Connections Academy,0.702
9920,Damar Charter Academy,5191,Damar Charter Academy,NA
9925,Phalen Leadership Academy - IN Inc,5496,Phalen Leadership Academy - IN Inc,NA
9935,Vision Academy,5899,Vision Academy,NA
9950,Dugger Union Community School Corp,7952,Dugger Union Community School Corp,0.655
9954,Phalen Leadership Academy at Louis B Russell School 48,5548,Louis B Russell Jr School 48,NA
9955,Mays Community Academy,7231,Mays Community Academy,NA
9960,Success Academy Primary School,7562,Success Academy Primary School,0.619
9970,ACE Preparatory Academy,1111,ACE Preparatory Academy,0.775
9975,Global Preparatory Academy,1112,Global Preparatory Academy,0.454
9980,Steel City Academy,1113,Steel City Academy,NA
9985,Seven Oaks Classical School,1114,Seven Oaks Classical School,NA
9990,Higher Institute of Arts & Tech,1116,Higher Institute of Arts & Tech,NA
-999,Independent Non-Public Schools,A004,Hagia Sophia Classical Academy,NA
-999,Independent Non-Public Schools,A102,Maple Creek Adventist Academy,NA
-999,Independent Non-Public Schools,A119,Dana Christian School Corporation,NA
-999,Independent Non-Public Schools,A121,Evansville Adventist Academy,NA
-999,Independent Non-Public Schools,A126,Edinburgh Christian School,NA
-999,Independent Non-Public Schools,A149,Apogee School For The Gifted,NA
-999,Independent Non-Public Schools,A172,Blackhawk Christian Elementary Sch,1
-999,Independent Non-Public Schools,A236,Cornerstone College Prep Sch,NA
-999,Independent Non-Public Schools,A249,Central Christian School,NA
-999,Independent Non-Public Schools,A260,Aboite Christian School,NA
-999,Independent Non-Public Schools,A275,Crossroad Child & Family Services,NA
-999,Independent Non-Public Schools,A303,FaithPrep Indiana,NA
-999,Independent Non-Public Schools,A304,GEO Focus Academy,NA
-999,Independent Non-Public Schools,A308,Islamic Academy of Kendallville,NA
-999,Independent Non-Public Schools,A311,Saint Thomas More Academy,NA
-999,Independent Non-Public Schools,A450,Columbus Christian School Inc,NA
-999,Independent Non-Public Schools,A724,Good Shepherd Christian Academy,NA
-999,Independent Non-Public Schools,A740,Lakewood Park Christian School,NA
-999,Independent Non-Public Schools,A746,Heritage Hall Christian School,1
-999,Independent Non-Public Schools,A875,Clinton Christian School,NA
-999,Independent Non-Public Schools,A990,Elkhart Christian Academy,NA
-999,Independent Non-Public Schools,B015,Bethany Christian School,NA
-999,Independent Non-Public Schools,B045,Christian Academy of Indiana,0.934
-999,Independent Non-Public Schools,B085,Covington Christian School,NA
-999,Independent Non-Public Schools,B129,Life Christian STEAM Academy,NA
-999,Independent Non-Public Schools,B136,The King's Academy,NA
-999,Independent Non-Public Schools,B145,Lakeview Christian School Inc,NA
-999,Independent Non-Public Schools,B160,Eman Schools,1
-999,Independent Non-Public Schools,B161,Fishers Christian Academy,NA
-999,Independent Non-Public Schools,B195,Cicero Adventist School,NA
-999,Independent Non-Public Schools,B205,Union Bible College & Academy,NA
-999,Independent Non-Public Schools,B248,Legacy Christian School,NA
-999,Independent Non-Public Schools,B251,Indy West Christian School,NA
-999,Independent Non-Public Schools,B290,Bethesda Christian School,NA
-999,Independent Non-Public Schools,B295,Indianapolis Christian School,NA
-999,Independent Non-Public Schools,B299,Legacy Learning Center,NA
-999,Independent Non-Public Schools,B302,Universal School of Plainfield,NA
-999,Independent Non-Public Schools,B455,Sandy Creek Christian Academy,NA
-999,Independent Non-Public Schools,B470,DeMotte Christian School,NA
-999,Independent Non-Public Schools,B483,Jay County Christian Academy,NA
-999,Independent Non-Public Schools,B493,Christian Academy of Madison,NA
-999,Independent Non-Public Schools,B549,Greenwood Christian School,NA
-999,Independent Non-Public Schools,B595,Lakeland Christian Academy,NA
-999,Independent Non-Public Schools,B771,Crown Point Christian School,NA
-999,Independent Non-Public Schools,B806,Ambassador Christian Academy,NA
-999,Independent Non-Public Schools,B815,Calumet Christian School,NA
-999,Independent Non-Public Schools,B821,Indiana Horizon Academy,NA
-999,Independent Non-Public Schools,B951,Morning Star Academy,NA
-999,Independent Non-Public Schools,C020,Highland Christian School,NA
-999,Independent Non-Public Schools,C130,Saint Paul Lutheran School,NA
-999,Independent Non-Public Schools,C175,Indiana Christian Academy,NA
-999,Independent Non-Public Schools,C215,Cross Street Christian School,NA
-999,Independent Non-Public Schools,C226,Liberty Christian Elementary,0.958
-999,Independent Non-Public Schools,C250,Anderson Christian School,NA
-999,Independent Non-Public Schools,C257,Damar Academy,NA
-999,Independent Non-Public Schools,C271,Curtis Wilson Primary School,NA
-999,Independent Non-Public Schools,C275,Heritage Christian School,NA
-999,Independent Non-Public Schools,C281,Cornerstone Baptist Academy,NA
-999,Independent Non-Public Schools,C282,Horizon Christian School,NA
-999,Independent Non-Public Schools,C325,Suburban Christian School,0.866
-999,Independent Non-Public Schools,C349,Southport Presbyterian Chrst Sch,NA
-999,Independent Non-Public Schools,C375,Traders Point Christian Schools,NA
-999,Independent Non-Public Schools,C396,Burge Terrace Christian School,NA
-999,Independent Non-Public Schools,C455,Indianapolis Junior Academy,NA
-999,Independent Non-Public Schools,C475,Hasten Hebrew Acad of Indianapolis,NA
-999,Independent Non-Public Schools,C495,Colonial Christian School,NA
-999,Independent Non-Public Schools,C513,Islamic Academy of Indianapolis,NA
-999,Independent Non-Public Schools,C514,Crosspointe Christian Academy,NA
-999,Independent Non-Public Schools,C519,Chapel Hill Christian School,NA
-999,Independent Non-Public Schools,C561,Trinity Christian School,NA
-999,Independent Non-Public Schools,C563,Shepherd Community Academy,NA
-999,Independent Non-Public Schools,C575,Central Christian Academy,NA
-999,Independent Non-Public Schools,C580,Calvary Christian School,NA
-999,Independent Non-Public Schools,C628,MTI School of Knowledge,NA
-999,Independent Non-Public Schools,C679,Indianapolis Southside Christian,NA
-999,Independent Non-Public Schools,C690,Capitol City SDA Church School,NA
-999,Independent Non-Public Schools,C699,TP Schools,NA
-999,Independent Non-Public Schools,C791,School for Community Learning,NA
-999,Independent Non-Public Schools,C905,Adventist Christian Elementary,NA
-999,Independent Non-Public Schools,C910,Covenant Christian School,NA
-999,Independent Non-Public Schools,C927,Lighthouse Christian Academy,0.955
-999,Independent Non-Public Schools,C933,Clear Creek Christian School,NA
-999,Independent Non-Public Schools,C940,Tabernacle Christian School,NA
-999,Independent Non-Public Schools,C965,Mooresville Christian Academy,NA
-999,Independent Non-Public Schools,C966,Greenwood Christian Academy,NA
-999,Independent Non-Public Schools,D063,Emmanuel Baptist Academy,NA
-999,Independent Non-Public Schools,D073,Victory Christian Academy,NA
-999,Independent Non-Public Schools,D080,Portage Christian School,NA
-999,Independent Non-Public Schools,D158,North Liberty Christian School,NA
-999,Independent Non-Public Schools,D189,Covenant Christian School,1
-999,Independent Non-Public Schools,D195,South Bend Hebrew Day School,NA
-999,Independent Non-Public Schools,D300,South Bend Jr Academy School,NA
-999,Independent Non-Public Schools,D305,Community Baptist Christian School,NA
-999,Independent Non-Public Schools,D310,Granger Christian School,NA
-999,Independent Non-Public Schools,D315,"Michiana Christian Academy, Inc.",NA
-999,Independent Non-Public Schools,D329,Grace Christian Academy Inc,NA
-999,Independent Non-Public Schools,D440,Lafayette Christian School,NA
-999,Independent Non-Public Schools,D452,Faith Christian School,NA
-999,Independent Non-Public Schools,D489,Evansville Christian Sch Newburgh,1
-999,Independent Non-Public Schools,D525,Evansville Day School,NA
-999,Independent Non-Public Schools,D725,Holy Cross School,NA
-999,Independent Non-Public Schools,D845,Richmond Adventist Elementary School,NA
-999,Independent Non-Public Schools,D862,Community Christian School,NA
-999,Independent Non-Public Schools,D875,Kingdom Academy of Bluffton Inc,NA
-999,Independent Non-Public Schools,D912,Al Haqq Foundation Academy,NA
-999,Independent Non-Public Schools,D913,Israel School of Excellence,NA
-999,Independent Non-Public Schools,D914,International Leadership Schools,NA
-999,Independent Non-Public Schools,D918,Alyssum Montessori School,NA
9200,Archdiocese of Indianapolis,A425,St Bartholomew School,0.887
9200,Archdiocese of Indianapolis,A550,St John Paul II Catholic School,NA
9200,Archdiocese of Indianapolis,A560,Saint Anthony of Padua,0.964
9200,Archdiocese of Indianapolis,A570,Sacred Heart School,NA
9200,Archdiocese of Indianapolis,A680,Saint Nicholas School,NA
9200,Archdiocese of Indianapolis,A700,Saint Lawrence School,NA
9200,Archdiocese of Indianapolis,A730,Saint Mary's School,NA
9200,Archdiocese of Indianapolis,B035,Saint Gabriel Catholic School,1
9200,Archdiocese of Indianapolis,B050,Holy Family School,NA
9200,Archdiocese of Indianapolis,B060,Our Lady Of Perpetual Help School,NA
9200,Archdiocese of Indianapolis,B067,St Mary of-the-Knobs Catholic Sch,NA
9200,Archdiocese of Indianapolis,B095,Saint Michael School,NA
9200,Archdiocese of Indianapolis,B265,Saint Michael School,NA
9200,Archdiocese of Indianapolis,B280,Saint Joseph School,NA
9200,Archdiocese of Indianapolis,B285,Saint Malachy School,NA
9200,Archdiocese of Indianapolis,B300,Saint Susanna School,0.927
9200,Archdiocese of Indianapolis,B440,Saint Ambrose School,NA
9200,Archdiocese of Indianapolis,B510,Pope John XXIII Elementary School,1
9200,Archdiocese of Indianapolis,B515,Saint Mary's School,NA
9200,Archdiocese of Indianapolis,B518,St Rose of Lima School,NA
9200,Archdiocese of Indianapolis,B535,Our Lady of the Greenwood School,0.917
9200,Archdiocese of Indianapolis,B540,SS Francis and Clare Catholic Sch,NA
9200,Archdiocese of Indianapolis,C160,Saint Vincent DePaul School,NA
9200,Archdiocese of Indianapolis,C265,Nativity Catholic School,NA
9200,Archdiocese of Indianapolis,C280,Saint Lawrence School,NA
9200,Archdiocese of Indianapolis,C295,Saint Barnabas School,0.958
9200,Archdiocese of Indianapolis,C300,Saint Jude Elementary School,1
9200,Archdiocese of Indianapolis,C305,Saint Mark School,0.875
9200,Archdiocese of Indianapolis,C310,Saint Roch School,NA
9200,Archdiocese of Indianapolis,C390,Holy Spirit School,0.886
9200,Archdiocese of Indianapolis,C435,Saint Luke School,NA
9200,Archdiocese of Indianapolis,C440,Saint Matthew School,1
9200,Archdiocese of Indianapolis,C445,Saint Monica School,0.859
9200,Archdiocese of Indianapolis,C450,Saint Pius X School,0.967
9200,Archdiocese of Indianapolis,C545,Holy Name Catholic School,NA
9200,Archdiocese of Indianapolis,C585,Christ The King School,NA
9200,Archdiocese of Indianapolis,C590,Holy Angels Catholic School,NA
9200,Archdiocese of Indianapolis,C595,Holy Cross Central School,NA
9200,Archdiocese of Indianapolis,C600,Immaculate Heart of Mary School,NA
9200,Archdiocese of Indianapolis,C605,Our Lady Of Lourdes School,NA
9200,Archdiocese of Indianapolis,C615,St Anthony Catholic School,NA
9200,Archdiocese of Indianapolis,C625,Central Catholic School,NA
9200,Archdiocese of Indianapolis,C645,Saint Joan Of Arc School,NA
9200,Archdiocese of Indianapolis,C650,St Michael St Gabriel Archangels School,NA
9200,Archdiocese of Indianapolis,C655,Saint Philip Neri School,NA
9200,Archdiocese of Indianapolis,C665,Saint Simon The Apostle School,NA
9200,Archdiocese of Indianapolis,C670,St Therese Little Flower School,NA
9200,Archdiocese of Indianapolis,C675,Saint Thomas Aquinas School,NA
9200,Archdiocese of Indianapolis,C795,Saint Christopher School,NA
9200,Archdiocese of Indianapolis,C900,Saint Charles Borromeo School,NA
9200,Archdiocese of Indianapolis,D130,Saint Louis School,NA
9200,Archdiocese of Indianapolis,D140,Saint Mary Elementary School,NA
9200,Archdiocese of Indianapolis,D335,Saint Joseph School,NA
9200,Archdiocese of Indianapolis,D720,Saint Patrick School,0.906
9200,Archdiocese of Indianapolis,D840,Seton Catholic Elementary,NA
9205,Diocese of Gary,B755,Aquinas School at St Andrew's,NA
9205,Diocese of Gary,B775,Saint Michael School,NA
9205,Diocese of Gary,B780,Saint John Evangelist School,NA
9205,Diocese of Gary,B835,Saint Mary Catholic Comm School,NA
9205,Diocese of Gary,B865,St Stanislaus School,NA
9205,Diocese of Gary,B930,Saint Mary School,NA
9205,Diocese of Gary,B950,Saint Casimir School,NA
9205,Diocese of Gary,B960,Saint John Bosco School,NA
9205,Diocese of Gary,B965,Saint John The Baptist School,NA
9205,Diocese of Gary,C025,Our Lady Of Grace School,NA
9205,Diocese of Gary,C060,Saint Thomas More School,NA
9205,Diocese of Gary,C105,Notre Dame Catholic School,NA
9205,Diocese of Gary,C110,Queen Of All Saints School,NA
9205,Diocese of Gary,C120,Saint Stanislaus Kostka School,NA
9205,Diocese of Gary,D050,Saint Patrick School,NA
9205,Diocese of Gary,D065,Nativity of Our Savior School,NA
9205,Diocese of Gary,D085,Saint Paul Catholic School,NA
9210,Diocese of Lafayette Catholic Sch,A470,Sacred Heart School,NA
9210,Diocese of Lafayette Catholic Sch,A795,St. Michael Catholic School,NA
9210,Diocese of Lafayette Catholic Sch,B155,Saint Paul Parish School,NA
9210,Diocese of Lafayette Catholic Sch,B215,Our Lady Of Mt Carmel School,NA
9210,Diocese of Lafayette Catholic Sch,B216,Saint Maria Goretti School,NA
9210,Diocese of Lafayette Catholic Sch,B227,Saint Louis de Montfort School,NA
9210,Diocese of Lafayette Catholic Sch,B246,Our Lady of Grace School,NA
9210,Diocese of Lafayette Catholic Sch,B395,Sts Joan of Arc & Patrick School,NA
9210,Diocese of Lafayette Catholic Sch,B475,Saint Augustine School,NA
9210,Diocese of Lafayette Catholic Sch,C190,Saint Mary School,NA
9210,Diocese of Lafayette Catholic Sch,C211,Holy Cross School,NA
9210,Diocese of Lafayette Catholic Sch,D425,Saint Lawrence Elementary School,NA
9210,Diocese of Lafayette Catholic Sch,D430,Saint Mary Cathedral School,NA
9215,Diocese of Evansville,A665,Washington Catholic Elementary Sch,NA
9215,Diocese of Evansville,A871,Holy Trinity Catholic School,NA
9215,Diocese of Evansville,B105,St Joseph School,NA
9215,Diocese of Evansville,B115,Holy Cross School,NA
9215,Diocese of Evansville,B120,Saint James School,NA
9215,Diocese of Evansville,B125,Saints Peter & Paul School,NA
9215,Diocese of Evansville,B565,Flaget Elementary School,NA
9215,Diocese of Evansville,D095,St Matthew School,NA
9215,Diocese of Evansville,D100,St Philip School,NA
9215,Diocese of Evansville,D105,Saint Wendel School,NA
9215,Diocese of Evansville,D370,St Bernard Catholic School,NA
9215,Diocese of Evansville,D545,Annuc Cthlc Sch @ Christ the King,NA
9215,Diocese of Evansville,D550,Corpus Christi School,NA
9215,Diocese of Evansville,D555,Good Shepherd School,NA
9215,Diocese of Evansville,D560,Holy Redeemer School,NA
9215,Diocese of Evansville,D565,Holy Rosary School,NA
9215,Diocese of Evansville,D570,Annunciation Cthlc at Holy Spirit,NA
9215,Diocese of Evansville,D580,Westside Catholic School,NA
9215,Diocese of Evansville,D590,St Benedict Cathedral School,NA
9215,Diocese of Evansville,D605,Saint Joseph School,NA
9215,Diocese of Evansville,D610,Resurrection School,1
9215,Diocese of Evansville,D815,Saint John The Baptist School,NA
9220,Diocese of Fort Wayne - South Bend,A035,Saint Joseph School,NA
9220,Diocese of Fort Wayne - South Bend,A104,Saint Elizabeth Ann Seton Catholic Sch,NA
9220,Diocese of Fort Wayne - South Bend,A106,Our Lady School,NA
9220,Diocese of Fort Wayne - South Bend,A130,Most Precious Blood School,NA
9220,Diocese of Fort Wayne - South Bend,A135,Queen Of Angels School,NA
9220,Diocese of Fort Wayne - South Bend,A145,Saint Charles Borromeo School,0.923
9220,Diocese of Fort Wayne - South Bend,A150,Saint John The Baptist School,NA
9220,Diocese of Fort Wayne - South Bend,A155,Saint Joseph Catholic School,NA
9220,Diocese of Fort Wayne - South Bend,A160,Saint Jude Elementary School,NA
9220,Diocese of Fort Wayne - South Bend,A175,Saint Therese School,NA
9220,Diocese of Fort Wayne - South Bend,A180,Saint Vincent DePaul School,0.987
9220,Diocese of Fort Wayne - South Bend,A270,Saint Aloysius Catholic School,NA
9220,Diocese of Fort Wayne - South Bend,A340,Saint Rose of Lima School,NA
9220,Diocese of Fort Wayne - South Bend,A350,St Joseph Hessen Cassel Cath Sch,NA
9220,Diocese of Fort Wayne - South Bend,A355,Saint John The Baptist Catholic,1
9220,Diocese of Fort Wayne - South Bend,A360,Saint Louis Besancon Catholic Sch,NA
9220,Diocese of Fort Wayne - South Bend,A735,Saint Joseph School,NA
9220,Diocese of Fort Wayne - South Bend,A975,St Thomas The Apostle School,NA
9220,Diocese of Fort Wayne - South Bend,A980,St Vincent de Paul School,NA
9220,Diocese of Fort Wayne - South Bend,B020,St John Evangelist School,1
9220,Diocese of Fort Wayne - South Bend,B418,Huntington Catholic School,NA
9220,Diocese of Fort Wayne - South Bend,B605,Sacred Heart School,NA
9220,Diocese of Fort Wayne - South Bend,C855,Saint Michael School,NA
9220,Diocese of Fort Wayne - South Bend,C980,Saint Mary Elementary School,NA
9220,Diocese of Fort Wayne - South Bend,D164,St Pius X Catholic School,NA
9220,Diocese of Fort Wayne - South Bend,D177,Mishawaka Catholic School,NA
9220,Diocese of Fort Wayne - South Bend,D198,Queen of Peace School,NA
9220,Diocese of Fort Wayne - South Bend,D230,Christ The King School,NA
9220,Diocese of Fort Wayne - South Bend,D235,Corpus Christi School,NA
9220,Diocese of Fort Wayne - South Bend,D240,Holy Cross School,0.897
9220,Diocese of Fort Wayne - South Bend,D245,Holy Family School,NA
9220,Diocese of Fort Wayne - South Bend,D250,Our Lady Of Hungary School,NA
9220,Diocese of Fort Wayne - South Bend,D255,Saint Adalbert School,NA
9220,Diocese of Fort Wayne - South Bend,D260,Saint Anthony De Padua School,NA
9220,Diocese of Fort Wayne - South Bend,D265,Saint John The Baptist School,NA
9220,Diocese of Fort Wayne - South Bend,D270,Saint Joseph School,NA
9220,Diocese of Fort Wayne - South Bend,D275,Saint Jude Catholic School,NA
9220,Diocese of Fort Wayne - South Bend,D285,Saint Matthew Cathedral School,0.944
9220,Diocese of Fort Wayne - South Bend,D805,Saint Bernard Elementary School,NA
9230,Lutheran Schools of Indiana,A040,St Peter Immanuel Lutheran School,NA
9230,Lutheran Schools of Indiana,A045,Wyneken Memorial Lutheran School,NA
9230,Lutheran Schools of Indiana,A200,Suburban Bethlehem Lutheran School,NA
9230,Lutheran Schools of Indiana,A205,Concordia Lutheran School,0.976
9230,Lutheran Schools of Indiana,A215,Emmanuel St Michael Lutheran Sch,0.962
9230,Lutheran Schools of Indiana,A220,Emmaus Lutheran School,NA
9230,Lutheran Schools of Indiana,A225,Holy Cross Lutheran School,0.939
9230,Lutheran Schools of Indiana,A235,Lutheran South Unity School,NA
9230,Lutheran Schools of Indiana,A245,Saint Paul Lutheran School,NA
9230,Lutheran Schools of Indiana,A248,Ascension Lutheran School,NA
9230,Lutheran Schools of Indiana,A250,Saint Peter's Lutheran School,NA
9230,Lutheran Schools of Indiana,A365,St John-Emmanuel Lutheran School,NA
9230,Lutheran Schools of Indiana,A370,Central Lutheran School,NA
9230,Lutheran Schools of Indiana,A375,Woodburn Lutheran School,NA
9230,Lutheran Schools of Indiana,A430,White Creek Lutheran School,NA
9230,Lutheran Schools of Indiana,A435,Saint Peters Lutheran School,NA
9230,Lutheran Schools of Indiana,A695,Saint John Ev Lutheran School,NA
9230,Lutheran Schools of Indiana,A985,Trinity Lutheran School,NA
9230,Lutheran Schools of Indiana,B260,Zion Lutheran School,NA
9230,Lutheran Schools of Indiana,B275,Saint John Lutheran School,NA
9230,Lutheran Schools of Indiana,B367,Redeemer Lutheran School,NA
9230,Lutheran Schools of Indiana,B445,Immanuel Lutheran School,NA
9230,Lutheran Schools of Indiana,B450,Saint John Lutheran School,NA
9230,Lutheran Schools of Indiana,B465,Lutheran Central School,NA
9230,Lutheran Schools of Indiana,B850,Trinity Lutheran School,NA
9230,Lutheran Schools of Indiana,B892,Ascension Lutheran Christian Schl,NA
9230,Lutheran Schools of Indiana,C050,Trinity Lutheran School,NA
9230,Lutheran Schools of Indiana,C065,St Paul's Lutheran School,NA
9230,Lutheran Schools of Indiana,C150,Saint John Lutheran School,NA
9230,Lutheran Schools of Indiana,C267,Holy Cross Lutheran School,NA
9230,Lutheran Schools of Indiana,C315,Calvary Lutheran School,1
9230,Lutheran Schools of Indiana,C395,Trinity Lutheran School,NA
9230,Lutheran Schools of Indiana,C400,Saint John Ev Lutheran School,NA
9230,Lutheran Schools of Indiana,C512,Our Shepherd Lutheran School,NA
9230,Lutheran Schools of Indiana,C680,Emmaus Lutheran School,NA
9230,Lutheran Schools of Indiana,C985,St John Lutheran School,NA
9230,Lutheran Schools of Indiana,D090,Immanuel Lutheran School,NA
9230,Lutheran Schools of Indiana,D317,Resurrection Lutheran Academy,NA
9230,Lutheran Schools of Indiana,D375,Saint Peter Lutheran School,NA
9230,Lutheran Schools of Indiana,D435,Saint James Lutheran School,NA
9230,Lutheran Schools of Indiana,D625,Evansville Lutheran School,NA
9240,The Oaks Academy,B297,The Oaks Academy - Brookside,NA
9240,The Oaks Academy,C773,The Oaks Academy - Fall Creek,NA
